1 - XLS Date No,2 - YR Day No,3 - Year,4 - Month,5 - Day,6 - Week Day (1=Monday),7 - Sid HR,8 - Sid Min,9 - Sid Sec,10 - Sun Deg,11 - Sun Min,12 - Sun Sec,13 - Sun Sign,14 - Moon Deg,15 - Moon Min,16 - Moon Sign,17 - Mercury Deg,18 - Mercury Min,19 - Mercury Sign,20 - Mercury D/R (1/0),21 - Venus Deg,22 - Venus Min,23 - Venus Sign,24 - Venus D/R (1/0),25 - Mars Deg,26 - Mars Min,27 - Mars Sign,28 - Mars D/R (1/0),29 - Jupiter Deg,30 - Jupiter Min,31 - Jupiter Sign,32 - Jupiter D/R (1/0),33 - Saturn Deg,34 - Saturn Min,35 - Saturn Sign,36 - Saturn D/R (1/0),37 - Uranus Deg,38 - Uranus Min,39 - Uranus Sign,40 - Uranus D/R (1/0),41 - Neptune Deg,42 - Neptune Min,43 - Neptune Sign,44 - Neptune D/R (1/0),45 - Pluto Deg,46 - Pluto Min,47 - Pluto Sign,48 - Pluto D/R (1/0),49 - True Node Deg,50 - True Node Min,51 - True Node Sign,52 - True Node D/R (1/0),53 - Moon s Node Deg,54 - Moon s Node Min,55 - Moon s Node Sign,56 - Moon s Node D/R (1/0),57 - Lilith Deg,58 - Lilith Min,59 - Lilith Sign,60 - Lilith D/R (1/0),61 - Chiron Deg,62 - Chiron Min,63 - Chiron Sign,64 - Chiron D/R (1/0)
9132,366,1924,12,31,3,6,36,34,9,3,31,j,14,58,l,0,43,j,1,11,24,i,0,7,0,a,0,2,55,j,0,11,59,h,0,18,5,l,0,22,15,e,1,12,34,d,1,14,14,e,0,15,41,e,1,1,37,d,0,20,6,a,1
9133,1,1925,1,1,4,6,40,30,10,4,41,j,28,23,l,29,40,i,1,12,38,i,0,7,37,a,0,3,9,j,0,12,4,h,0,18,6,l,0,22,13,e,1,12,32,d,1,14,15,e,0,15,38,e,1,1,44,d,0,20,6,a,0
9134,2,1925,1,2,5,6,44,27,11,5,51,j,11,23,a,28,45,i,1,13,53,i,0,8,14,a,0,3,23,j,0,12,9,h,0,18,8,l,0,22,12,e,1,12,31,d,1,14,16,e,1,15,35,e,1,1,50,d,0,20,6,a,0
9135,3,1925,1,3,6,6,48,24,12,7,1,j,24,2,a,28,1,i,1,15,8,i,0,8,51,a,0,3,36,j,0,12,13,h,0,18,10,l,0,22,11,e,1,12,30,d,1,14,15,e,1,15,32,e,1,1,57,d,0,20,6,a,0
9136,4,1925,1,4,7,6,52,20,13,8,10,j,6,24,b,27,27,i,1,16,22,i,0,9,29,a,0,3,50,j,0,12,18,h,0,18,12,l,0,22,10,e,1,12,29,d,1,14,13,e,1,15,28,e,1,2,4,d,0,20,6,a,0
9137,5,1925,1,5,1,6,56,17,14,9,20,j,18,34,b,27,4,i,1,17,37,i,0,10,6,a,0,4,4,j,0,12,23,h,0,18,14,l,0,22,9,e,1,12,27,d,1,14,9,e,1,15,25,e,1,2,10,d,0,20,7,a,0
9138,6,1925,1,6,2,7,0,13,15,10,29,j,0,34,c,26,50,i,1,18,52,i,0,10,43,a,0,4,17,j,0,12,27,h,0,18,16,l,0,22,7,e,1,12,26,d,1,14,4,e,1,15,22,e,1,2,17,d,0,20,7,a,0
9139,7,1925,1,7,3,7,4,10,16,11,37,j,12,28,c,26,46,i,0,20,6,i,0,11,21,a,0,4,31,j,0,12,32,h,0,18,17,l,0,22,6,e,1,12,25,d,1,13,59,e,1,15,19,e,1,2,24,d,0,20,7,a,0
9140,8,1925,1,8,4,7,8,6,17,12,46,j,24,19,c,26,50,i,0,21,21,i,0,11,58,a,0,4,45,j,0,12,36,h,0,18,20,l,0,22,5,e,1,12,24,d,1,13,54,e,1,15,16,e,1,2,30,d,0,20,8,a,0
9141,9,1925,1,9,5,7,12,3,18,13,54,j,6,9,d,27,3,i,0,22,36,i,0,12,35,a,0,4,58,j,0,12,41,h,0,18,22,l,0,22,3,e,1,12,22,d,1,13,50,e,1,15,12,e,1,2,37,d,0,20,8,a,0
9142,10,1925,1,10,6,7,15,59,19,15,2,j,17,59,d,27,23,i,0,23,51,i,0,13,13,a,0,5,12,j,0,12,45,h,0,18,24,l,0,22,2,e,1,12,21,d,1,13,46,e,1,15,9,e,1,2,44,d,0,20,9,a,0
9143,11,1925,1,11,7,7,19,56,20,16,9,j,29,53,d,27,50,i,0,25,6,i,0,13,51,a,0,5,26,j,0,12,49,h,0,18,26,l,0,22,1,e,1,12,20,d,1,13,44,e,1,15,6,e,1,2,50,d,0,20,9,a,0
9144,12,1925,1,12,1,7,23,53,21,17,16,j,11,52,e,28,23,i,0,26,20,i,0,14,28,a,0,5,39,j,0,12,53,h,0,18,28,l,0,21,59,e,1,12,19,d,1,13,43,e,0,15,3,e,1,2,57,d,0,20,10,a,0
9145,13,1925,1,13,2,7,27,49,22,18,23,j,23,57,e,29,2,i,0,27,35,i,0,15,6,a,0,5,53,j,0,12,57,h,0,18,30,l,0,21,58,e,1,12,17,d,1,13,44,e,0,15,0,e,1,3,4,d,0,20,10,a,0
9146,14,1925,1,14,3,7,31,46,23,19,30,j,6,11,f,29,46,i,0,28,50,i,0,15,44,a,0,6,6,j,0,13,1,h,0,18,32,l,0,21,57,e,1,12,16,d,1,13,45,e,0,14,57,e,1,3,11,d,0,20,11,a,0
9147,15,1925,1,15,4,7,35,42,24,20,36,j,18,38,f,0,34,j,0,0,5,j,0,16,21,a,0,6,20,j,0,13,5,h,0,18,35,l,0,21,55,e,1,12,15,d,1,13,46,e,0,14,53,e,1,3,17,d,0,20,12,a,0
9148,16,1925,1,16,5,7,39,39,25,21,42,j,1,19,g,1,27,j,0,1,20,j,0,16,59,a,0,6,33,j,0,13,8,h,0,18,37,l,0,21,54,e,1,12,14,d,1,13,48,e,0,14,50,e,1,3,24,d,0,20,13,a,0
9149,17,1925,1,17,6,7,43,35,26,22,48,j,14,18,g,2,22,j,0,2,34,j,0,17,37,a,0,6,46,j,0,13,12,h,0,18,39,l,0,21,52,e,1,12,12,d,1,13,49,e,0,14,47,e,1,3,31,d,0,20,14,a,0
9150,18,1925,1,18,7,7,47,32,27,23,53,j,27,38,g,3,22,j,0,3,49,j,0,18,15,a,0,7,0,j,0,13,16,h,0,18,42,l,0,21,51,e,1,12,11,d,1,13,49,e,1,14,44,e,1,3,37,d,0,20,15,a,0
9151,19,1925,1,19,1,7,51,28,28,24,59,j,11,21,h,4,24,j,0,5,4,j,0,18,53,a,0,7,13,j,0,13,19,h,0,18,44,l,0,21,49,e,1,12,10,d,1,13,49,e,1,14,41,e,1,3,44,d,0,20,15,a,0
9152,20,1925,1,20,2,7,55,25,29,26,4,j,25,28,h,5,29,j,0,6,19,j,0,19,31,a,0,7,27,j,0,13,22,h,0,18,47,l,0,21,48,e,1,12,9,d,1,13,48,e,1,14,38,e,1,3,51,d,0,20,17,a,0
9153,21,1925,1,21,3,7,59,22,0,27,8,k,9,58,i,6,36,j,0,7,34,j,0,20,9,a,0,7,40,j,0,13,26,h,0,18,49,l,0,21,46,e,1,12,8,d,1,13,46,e,1,14,34,e,1,3,57,d,0,20,18,a,0
9154,22,1925,1,22,4,8,3,18,1,28,13,k,24,47,i,7,46,j,0,8,49,j,0,20,47,a,0,7,53,j,0,13,29,h,0,18,52,l,0,21,45,e,1,12,6,d,1,13,45,e,1,14,31,e,1,4,4,d,0,20,19,a,0
9155,23,1925,1,23,5,8,7,15,2,29,16,k,9,48,j,8,57,j,0,10,4,j,0,21,25,a,0,8,6,j,0,13,32,h,0,18,54,l,0,21,43,e,1,12,5,d,1,13,43,e,1,14,28,e,1,4,11,d,0,20,20,a,0
9156,24,1925,1,24,6,8,11,11,3,30,20,k,24,53,j,10,10,j,0,11,19,j,0,22,3,a,0,8,19,j,0,13,35,h,0,18,57,l,0,21,42,e,1,12,4,d,1,13,42,e,1,14,25,e,1,4,17,d,0,20,21,a,0
9157,25,1925,1,25,7,8,15,8,4,31,22,k,9,54,k,11,25,j,0,12,34,j,0,22,42,a,0,8,33,j,0,13,38,h,0,19,0,l,0,21,40,e,1,12,3,d,1,13,42,e,0,14,22,e,1,4,24,d,0,20,23,a,0
9158,26,1925,1,26,1,8,19,4,5,32,23,k,24,41,k,12,42,j,0,13,49,j,0,23,20,a,0,8,46,j,0,13,41,h,0,19,2,l,0,21,38,e,1,12,2,d,1,13,42,e,0,14,18,e,1,4,31,d,0,20,24,a,0
9159,27,1925,1,27,2,8,23,1,6,33,24,k,9,8,l,13,59,j,0,15,3,j,0,23,58,a,0,8,59,j,0,13,43,h,0,19,5,l,0,21,37,e,1,12,1,d,1,13,43,e,0,14,15,e,1,4,37,d,0,20,25,a,0
9160,28,1925,1,28,3,8,26,57,7,34,23,k,23,10,l,15,19,j,0,16,18,j,0,24,36,a,0,9,12,j,0,13,46,h,0,19,8,l,0,21,35,e,1,12,0,d,1,13,43,e,0,14,12,e,1,4,44,d,0,20,27,a,0
9161,29,1925,1,29,4,8,30,54,8,35,21,k,6,45,a,16,39,j,0,17,33,j,0,25,15,a,0,9,25,j,0,13,49,h,0,19,11,l,0,21,33,e,1,11,58,d,1,13,44,e,0,14,9,e,1,4,51,d,0,20,28,a,0
9162,30,1925,1,30,5,8,34,51,9,36,18,k,19,54,a,18,1,j,0,18,48,j,0,25,53,a,0,9,37,j,0,13,51,h,0,19,13,l,0,21,32,e,1,11,57,d,1,13,44,e,0,14,6,e,1,4,57,d,0,20,30,a,0
9163,31,1925,1,31,6,8,38,47,10,37,13,k,2,39,b,19,23,j,0,20,3,j,0,26,31,a,0,9,50,j,0,13,53,h,0,19,16,l,0,21,30,e,1,11,56,d,1,13,44,e,0,14,3,e,1,5,4,d,0,20,32,a,0
9164,32,1925,2,1,7,8,42,44,11,38,8,k,15,4,b,20,47,j,0,21,18,j,0,27,10,a,0,10,3,j,0,13,56,h,0,19,19,l,0,21,29,e,1,11,55,d,1,13,44,e,1,13,59,e,1,5,11,d,0,20,33,a,0
9165,33,1925,2,2,1,8,46,40,12,39,1,k,27,13,b,22,12,j,0,22,33,j,0,27,48,a,0,10,16,j,0,13,58,h,0,19,22,l,0,21,27,e,1,11,54,d,1,13,44,e,1,13,56,e,1,5,17,d,0,20,35,a,0
9166,34,1925,2,3,2,8,50,37,13,39,52,k,9,12,c,23,37,j,0,23,48,j,0,28,27,a,0,10,28,j,0,14,0,h,0,19,25,l,0,21,25,e,1,11,53,d,1,13,44,e,0,13,53,e,1,5,24,d,0,20,37,a,0
9167,35,1925,2,4,3,8,54,33,14,40,42,k,21,3,c,25,4,j,0,25,3,j,0,29,5,a,0,10,41,j,0,14,2,h,0,19,28,l,0,21,24,e,1,11,52,d,1,13,44,e,0,13,50,e,1,5,31,d,0,20,39,a,0
9168,36,1925,2,5,4,8,58,30,15,41,31,k,2,52,d,26,32,j,0,26,18,j,0,29,44,a,0,10,54,j,0,14,3,h,0,19,31,l,0,21,22,e,1,11,51,d,1,13,45,e,0,13,47,e,1,5,37,d,0,20,41,a,0
9169,37,1925,2,6,5,9,2,26,16,42,19,k,14,42,d,28,0,j,0,27,33,j,0,0,22,b,0,11,6,j,0,14,5,h,0,19,34,l,0,21,20,e,1,11,50,d,1,13,45,e,0,13,44,e,1,5,44,d,0,20,42,a,0
9170,38,1925,2,7,6,9,6,23,17,43,5,k,26,36,d,29,29,j,0,28,47,j,0,1,0,b,0,11,19,j,0,14,7,h,0,19,37,l,0,21,19,e,1,11,49,d,1,13,45,e,0,13,40,e,1,5,51,d,0,20,44,a,0
9171,39,1925,2,8,7,9,10,20,18,43,50,k,8,36,e,0,59,k,0,0,2,k,0,1,39,b,0,11,31,j,0,14,8,h,0,19,40,l,0,21,17,e,1,11,48,d,1,13,45,e,1,13,37,e,1,5,57,d,0,20,46,a,0
9172,40,1925,2,9,1,9,14,16,19,44,33,k,20,46,e,2,30,k,0,1,17,k,0,2,18,b,0,11,43,j,0,14,10,h,0,19,43,l,0,21,15,e,1,11,47,d,1,13,45,e,1,13,34,e,1,6,4,d,0,20,48,a,0
9173,41,1925,2,10,2,9,18,13,20,45,15,k,3,5,f,4,2,k,0,2,32,k,0,2,56,b,0,11,55,j,0,14,11,h,0,19,46,l,0,21,13,e,1,11,46,d,1,13,45,e,1,13,31,e,1,6,11,d,0,20,51,a,0
9174,42,1925,2,11,3,9,22,9,21,45,56,k,15,37,f,5,35,k,0,3,47,k,0,3,35,b,0,12,8,j,0,14,12,h,0,19,49,l,0,21,12,e,1,11,45,d,1,13,44,e,1,13,28,e,1,6,17,d,0,20,53,a,0
9175,43,1925,2,12,4,9,26,6,22,46,35,k,28,20,f,7,8,k,0,5,2,k,0,4,13,b,0,12,20,j,0,14,13,h,0,19,52,l,0,21,10,e,1,11,44,d,1,13,43,e,1,13,24,e,1,6,24,d,0,20,55,a,0
9176,44,1925,2,13,5,9,30,2,23,47,13,k,11,18,g,8,43,k,0,6,17,k,0,4,52,b,0,12,32,j,0,14,14,h,0,19,55,l,0,21,8,e,1,11,43,d,1,13,42,e,1,13,21,e,1,6,31,d,0,20,57,a,0
9177,45,1925,2,14,6,9,33,59,24,47,50,k,24,29,g,10,18,k,0,7,32,k,0,5,30,b,0,12,44,j,0,14,15,h,0,19,59,l,0,21,7,e,1,11,43,d,1,13,40,e,1,13,18,e,1,6,37,d,0,20,59,a,0
9178,46,1925,2,15,7,9,37,55,25,48,26,k,7,55,h,11,54,k,0,8,47,k,0,6,9,b,0,12,56,j,0,14,16,h,0,20,2,l,0,21,5,e,1,11,42,d,1,13,39,e,1,13,15,e,1,6,44,d,0,21,2,a,0
9179,47,1925,2,16,1,9,41,52,26,49,1,k,21,37,h,13,31,k,0,10,1,k,0,6,47,b,0,13,7,j,0,14,17,h,0,20,5,l,0,21,3,e,1,11,41,d,1,13,39,e,0,13,12,e,1,6,51,d,0,21,4,a,0
9180,48,1925,2,17,2,9,45,49,27,49,34,k,5,35,i,15,9,k,0,11,16,k,0,7,26,b,0,13,19,j,0,14,17,h,0,20,8,l,0,21,2,e,1,11,40,d,1,13,39,e,0,13,9,e,1,6,57,d,0,21,7,a,0
9181,49,1925,2,18,3,9,49,45,28,50,7,k,19,47,i,16,48,k,0,12,31,k,0,8,5,b,0,13,31,j,0,14,18,h,0,20,11,l,0,21,0,e,1,11,39,d,1,13,40,e,0,13,5,e,1,7,4,d,0,21,9,a,0
9182,50,1925,2,19,4,9,53,42,29,50,38,k,4,12,j,18,27,k,0,13,46,k,0,8,43,b,0,13,42,j,0,14,18,h,0,20,15,l,0,20,58,e,1,11,38,d,1,13,41,e,0,13,2,e,1,7,11,d,0,21,11,a,0
9183,51,1925,2,20,5,9,57,38,0,51,8,l,18,47,j,20,8,k,0,15,1,k,0,9,22,b,0,13,54,j,0,14,19,h,0,20,18,l,0,20,57,e,1,11,38,d,1,13,42,e,0,12,59,e,1,7,18,d,0,21,14,a,0
9184,52,1925,2,21,6,10,1,35,1,51,36,l,3,27,k,21,50,k,0,16,16,k,0,10,1,b,0,14,5,j,0,14,19,h,0,20,21,l,0,20,55,e,1,11,37,d,1,13,43,e,0,12,56,e,1,7,24,d,0,21,17,a,0
9185,53,1925,2,22,7,10,5,31,2,52,3,l,18,7,k,23,32,k,0,17,31,k,0,10,39,b,0,14,17,j,0,14,19,h,1,20,25,l,0,20,53,e,1,11,36,d,1,13,43,e,1,12,53,e,1,7,31,d,0,21,19,a,0
9186,54,1925,2,23,1,10,9,28,3,52,28,l,2,39,l,25,15,k,0,18,46,k,0,11,18,b,0,14,28,j,0,14,19,h,1,20,28,l,0,20,52,e,1,11,36,d,1,13,42,e,1,12,49,e,1,7,38,d,0,21,22,a,0
9187,55,1925,2,24,2,10,13,24,4,52,52,l,16,57,l,27,0,k,0,20,0,k,0,11,57,b,0,14,39,j,0,14,19,h,1,20,31,l,0,20,50,e,1,11,35,d,1,13,40,e,1,12,46,e,1,7,44,d,0,21,25,a,0
9188,56,1925,2,25,3,10,17,21,5,53,13,l,0,57,a,28,45,k,0,21,15,k,0,12,35,b,0,14,50,j,0,14,18,h,1,20,35,l,0,20,48,e,1,11,34,d,1,13,37,e,1,12,43,e,1,7,51,d,0,21,27,a,0
9189,57,1925,2,26,4,10,21,18,6,53,33,l,14,34,a,0,32,l,0,22,30,k,0,13,14,b,0,15,1,j,0,14,18,h,1,20,38,l,0,20,47,e,1,11,33,d,1,13,34,e,1,12,40,e,1,7,58,d,0,21,30,a,0
9190,58,1925,2,27,5,10,25,14,7,53,51,l,27,48,a,2,19,l,0,23,45,k,0,13,53,b,0,15,12,j,0,14,18,h,1,20,41,l,0,20,45,e,1,11,33,d,1,13,30,e,1,12,37,e,1,8,4,d,0,21,33,a,0
9191,59,1925,2,28,6,10,29,11,8,54,7,l,10,39,b,4,7,l,0,25,0,k,0,14,31,b,0,15,23,j,0,14,17,h,1,20,45,l,0,20,44,e,1,11,32,d,1,13,27,e,1,12,34,e,1,8,11,d,0,21,36,a,0
9192,60,1925,3,1,7,10,33,7,9,54,21,l,23,8,b,5,57,l,0,26,15,k,0,15,10,b,0,15,34,j,0,14,16,h,1,20,48,l,0,20,42,e,1,11,32,d,1,13,24,e,1,12,30,e,1,8,18,d,0,21,38,a,0
9193,61,1925,3,2,1,10,37,4,10,54,33,l,5,21,c,7,47,l,0,27,29,k,0,15,49,b,0,15,44,j,0,14,16,h,1,20,51,l,0,20,41,e,1,11,31,d,1,13,23,e,1,12,27,e,1,8,24,d,0,21,41,a,0
9194,62,1925,3,3,2,10,41,0,11,54,43,l,17,20,c,9,39,l,0,28,44,k,0,16,27,b,0,15,55,j,0,14,15,h,1,20,55,l,0,20,39,e,1,11,31,d,1,13,23,e,0,12,24,e,1,8,31,d,0,21,44,a,0
9195,63,1925,3,4,3,10,44,57,12,54,51,l,29,12,c,11,31,l,0,29,59,k,0,17,6,b,0,16,5,j,0,14,14,h,1,20,58,l,0,20,37,e,1,11,30,d,1,13,24,e,0,12,21,e,1,8,38,d,0,21,47,a,0
9196,64,1925,3,5,4,10,48,53,13,54,57,l,11,1,d,13,24,l,0,1,14,l,0,17,45,b,0,16,15,j,0,14,13,h,1,21,2,l,0,20,36,e,1,11,30,d,1,13,26,e,0,12,18,e,1,8,44,d,0,21,50,a,0
9197,65,1925,3,6,5,10,52,50,14,55,0,l,22,52,d,15,19,l,0,2,28,l,0,18,23,b,0,16,26,j,0,14,12,h,1,21,5,l,0,20,34,e,1,11,29,d,1,13,28,e,0,12,15,e,1,8,51,d,0,21,53,a,0
9198,66,1925,3,7,6,10,56,47,15,55,2,l,4,49,e,17,14,l,0,3,43,l,0,19,2,b,0,16,36,j,0,14,10,h,1,21,9,l,0,20,33,e,1,11,29,d,1,13,29,e,0,12,11,e,1,8,58,d,0,21,56,a,0
9199,67,1925,3,8,7,11,0,43,16,55,1,l,16,56,e,19,10,l,0,4,58,l,0,19,41,b,0,16,46,j,0,14,9,h,1,21,12,l,0,20,31,e,1,11,28,d,1,13,30,e,1,12,8,e,1,9,4,d,0,21,59,a,0
9200,68,1925,3,9,1,11,4,40,17,54,59,l,29,16,e,21,6,l,0,6,13,l,0,20,19,b,0,16,56,j,0,14,8,h,1,21,15,l,0,20,30,e,1,11,28,d,1,13,28,e,1,12,5,e,1,9,11,d,0,22,2,a,0
9201,69,1925,3,10,2,11,8,36,18,54,54,l,11,52,f,23,4,l,0,7,27,l,0,20,58,b,0,17,5,j,0,14,6,h,1,21,19,l,0,20,29,e,1,11,27,d,1,13,25,e,1,12,2,e,1,9,18,d,0,22,6,a,0
9202,70,1925,3,11,3,11,12,33,19,54,47,l,24,43,f,25,2,l,0,8,42,l,0,21,37,b,0,17,15,j,0,14,4,h,1,21,22,l,0,20,27,e,1,11,27,d,1,13,21,e,1,11,59,e,1,9,24,d,0,22,9,a,0
9203,71,1925,3,12,4,11,16,29,20,54,39,l,7,50,g,27,0,l,0,9,57,l,0,22,15,b,0,17,25,j,0,14,3,h,1,21,26,l,0,20,26,e,1,11,27,d,1,13,15,e,1,11,55,e,1,9,31,d,0,22,12,a,0
9204,72,1925,3,13,5,11,20,26,21,54,28,l,21,11,g,28,58,l,0,11,11,l,0,22,54,b,0,17,34,j,0,14,1,h,1,21,29,l,0,20,24,e,1,11,26,d,1,13,8,e,1,11,52,e,1,9,38,d,0,22,15,a,0
9205,73,1925,3,14,6,11,24,22,22,54,16,l,4,46,h,0,56,a,0,12,26,l,0,23,33,b,0,17,43,j,0,13,59,h,1,21,33,l,0,20,23,e,1,11,26,d,1,13,2,e,1,11,49,e,1,9,44,d,0,22,18,a,0
9206,74,1925,3,15,7,11,28,19,23,54,2,l,18,31,h,2,54,a,0,13,41,l,0,24,11,b,0,17,53,j,0,13,57,h,1,21,36,l,0,20,22,e,1,11,26,d,1,12,56,e,1,11,46,e,1,9,51,d,0,22,22,a,0
9207,75,1925,3,16,1,11,32,15,24,53,46,l,2,24,i,4,51,a,0,14,55,l,0,24,50,b,0,18,2,j,0,13,55,h,1,21,39,l,0,20,20,e,1,11,26,d,1,12,52,e,1,11,43,e,1,9,58,d,0,22,25,a,0
9208,76,1925,3,17,2,11,36,12,25,53,29,l,16,25,i,6,48,a,0,16,10,l,0,25,29,b,0,18,11,j,0,13,53,h,1,21,43,l,0,20,19,e,1,11,25,d,1,12,50,e,1,11,40,e,1,10,4,d,0,22,28,a,0
9209,77,1925,3,18,3,11,40,9,26,53,10,l,0,31,j,8,43,a,0,17,25,l,0,26,7,b,0,18,19,j,0,13,50,h,1,21,46,l,0,20,18,e,1,11,25,d,1,12,50,e,0,11,36,e,1,10,11,d,0,22,31,a,0
9210,78,1925,3,19,4,11,44,5,27,52,50,l,14,42,j,10,36,a,0,18,39,l,0,26,46,b,0,18,28,j,0,13,48,h,1,21,50,l,0,20,16,e,1,11,25,d,1,12,51,e,0,11,33,e,1,10,18,d,0,22,35,a,0
9211,79,1925,3,20,5,11,48,2,28,52,27,l,28,54,j,12,28,a,0,19,54,l,0,27,24,b,0,18,37,j,0,13,45,h,1,21,53,l,0,20,15,e,1,11,25,d,1,12,52,e,0,11,30,e,1,10,24,d,0,22,38,a,0
9212,80,1925,3,21,6,11,51,58,29,52,3,l,13,8,k,14,16,a,0,21,9,l,0,28,3,b,0,18,45,j,0,13,43,h,1,21,56,l,0,20,14,e,1,11,25,d,1,12,52,e,1,11,27,e,1,10,31,d,0,22,41,a,0
9213,81,1925,3,22,7,11,55,55,0,51,37,a,27,19,k,16,2,a,0,22,23,l,0,28,42,b,0,18,54,j,0,13,40,h,1,22,0,l,0,20,13,e,1,11,25,d,1,12,51,e,1,11,24,e,1,10,38,d,0,22,45,a,0
9214,82,1925,3,23,1,11,59,51,1,51,9,a,11,25,l,17,45,a,0,23,38,l,0,29,20,b,0,19,2,j,0,13,38,h,1,22,3,l,0,20,11,e,1,11,24,d,1,12,48,e,1,11,21,e,1,10,44,d,0,22,48,a,0
9215,83,1925,3,24,2,12,3,48,2,50,39,a,25,22,l,19,24,a,0,24,52,l,0,29,59,b,0,19,10,j,0,13,35,h,1,22,7,l,0,20,10,e,1,11,24,d,1,12,43,e,1,11,17,e,1,10,51,d,0,22,52,a,0
9216,84,1925,3,25,3,12,7,44,3,50,7,a,9,5,a,20,58,a,0,26,7,l,0,0,37,c,0,19,18,j,0,13,32,h,1,22,10,l,0,20,9,e,1,11,24,d,1,12,35,e,1,11,14,e,1,10,58,d,0,22,55,a,0
9217,85,1925,3,26,4,12,11,41,4,49,33,a,22,32,a,22,28,a,0,27,21,l,0,1,16,c,0,19,26,j,0,13,29,h,1,22,13,l,0,20,8,e,1,11,24,d,0,12,26,e,1,11,11,e,1,11,4,d,0,22,59,a,0
9218,86,1925,3,27,5,12,15,38,5,48,57,a,5,40,b,23,53,a,0,28,36,l,0,1,55,c,0,19,33,j,0,13,26,h,1,22,17,l,0,20,7,e,1,11,24,d,0,12,17,e,1,11,8,e,1,11,11,d,0,23,2,a,0
9219,87,1925,3,28,6,12,19,34,6,48,19,a,18,28,b,25,12,a,0,29,50,l,0,2,33,c,0,19,41,j,0,13,23,h,1,22,20,l,0,20,6,e,1,11,24,d,0,12,8,e,1,11,5,e,1,11,18,d,0,23,6,a,0
9220,88,1925,3,29,7,12,23,31,7,47,39,a,0,58,c,26,25,a,0,1,5,a,0,3,12,c,0,19,48,j,0,13,19,h,1,22,24,l,0,20,5,e,1,11,24,d,0,12,0,e,1,11,1,e,1,11,24,d,0,23,9,a,0
9221,89,1925,3,30,1,12,27,27,8,46,56,a,13,11,c,27,33,a,0,2,19,a,0,3,50,c,0,19,55,j,0,13,16,h,1,22,27,l,0,20,4,e,1,11,25,d,0,11,55,e,1,10,58,e,1,11,31,d,0,23,13,a,0
9222,90,1925,3,31,2,12,31,24,9,46,11,a,25,11,c,28,34,a,0,3,34,a,0,4,29,c,0,20,2,j,0,13,13,h,1,22,30,l,0,20,3,e,1,11,25,d,0,11,51,e,1,10,55,e,1,11,38,d,0,23,16,a,0
9223,91,1925,4,1,3,12,35,20,10,45,24,a,7,3,d,29,29,a,0,4,48,a,0,5,7,c,0,20,9,j,0,13,9,h,1,22,33,l,0,20,2,e,1,11,25,d,0,11,50,e,0,10,52,e,1,11,44,d,0,23,20,a,0
9224,92,1925,4,2,4,12,39,17,11,44,34,a,18,52,d,0,17,b,0,6,3,a,0,5,46,c,0,20,16,j,0,13,6,h,1,22,37,l,0,20,1,e,1,11,25,d,0,11,50,e,0,10,49,e,1,11,51,d,0,23,23,a,0
9225,93,1925,4,3,5,12,43,13,12,43,42,a,0,44,e,0,58,b,0,7,17,a,0,6,24,c,0,20,23,j,0,13,2,h,1,22,40,l,0,20,0,e,1,11,25,d,0,11,51,e,0,10,46,e,1,11,57,d,0,23,27,a,0
9226,94,1925,4,4,6,12,47,10,13,42,48,a,12,42,e,1,32,b,0,8,32,a,0,7,3,c,0,20,29,j,0,12,59,h,1,22,43,l,0,19,59,e,1,11,25,d,0,11,51,e,1,10,42,e,1,12,4,d,0,23,30,a,0
9227,95,1925,4,5,7,12,51,7,14,41,52,a,24,53,e,1,59,b,0,9,46,a,0,7,41,c,0,20,36,j,0,12,55,h,1,22,47,l,0,19,58,e,1,11,26,d,0,11,50,e,1,10,39,e,1,12,11,d,0,23,34,a,0
9228,96,1925,4,6,1,12,55,3,15,40,53,a,7,21,f,2,19,b,0,11,0,a,0,8,20,c,0,20,42,j,0,12,51,h,1,22,50,l,0,19,58,e,1,11,26,d,0,11,47,e,1,10,36,e,1,12,17,d,0,23,37,a,0
9229,97,1925,4,7,2,12,59,0,16,39,52,a,20,8,f,2,33,b,0,12,15,a,0,8,58,c,0,20,48,j,0,12,48,h,1,22,53,l,0,19,57,e,1,11,26,d,0,11,42,e,1,10,33,e,1,12,24,d,0,23,41,a,0
9230,98,1925,4,8,3,13,2,56,17,38,49,a,3,17,g,2,39,b,1,13,29,a,0,9,37,c,0,20,54,j,0,12,44,h,1,22,56,l,0,19,56,e,1,11,26,d,0,11,34,e,1,10,30,e,1,12,31,d,0,23,45,a,0
9231,99,1925,4,9,4,13,6,53,18,37,43,a,16,45,g,2,39,b,1,14,44,a,0,10,15,c,0,20,59,j,0,12,40,h,1,22,59,l,0,19,55,e,1,11,27,d,0,11,24,e,1,10,26,e,1,12,37,d,0,23,48,a,0
9232,100,1925,4,10,5,13,10,49,19,36,36,a,0,33,h,2,32,b,1,15,58,a,0,10,54,c,0,21,5,j,0,12,36,h,1,23,3,l,0,19,55,e,1,11,27,d,0,11,13,e,1,10,23,e,1,12,44,d,0,23,52,a,0
9233,101,1925,4,11,6,13,14,46,20,35,27,a,14,34,h,2,19,b,1,17,12,a,0,11,32,c,0,21,10,j,0,12,32,h,1,23,6,l,0,19,54,e,1,11,27,d,0,11,2,e,1,10,20,e,1,12,51,d,0,23,55,a,0
9234,102,1925,4,12,7,13,18,42,21,34,16,a,28,46,h,2,1,b,1,18,26,a,0,12,11,c,0,21,16,j,0,12,28,h,1,23,9,l,0,19,53,e,1,11,28,d,0,10,53,e,1,10,17,e,1,12,57,d,0,23,59,a,0
9235,103,1925,4,13,1,13,22,39,22,33,3,a,13,2,i,1,37,b,1,19,41,a,0,12,49,c,0,21,21,j,0,12,24,h,1,23,12,l,0,19,53,e,1,11,28,d,0,10,45,e,1,10,14,e,1,13,4,d,0,24,3,a,0
9236,104,1925,4,14,2,13,26,35,23,31,48,a,27,18,i,1,8,b,1,20,55,a,0,13,27,c,0,21,26,j,0,12,20,h,1,23,15,l,0,19,52,e,1,11,29,d,0,10,40,e,1,10,11,e,1,13,11,d,0,24,6,a,0
9237,105,1925,4,15,3,13,30,32,24,30,32,a,11,32,j,0,35,b,1,22,9,a,0,14,6,c,0,21,30,j,0,12,16,h,1,23,18,l,0,19,52,e,1,11,29,d,0,10,38,e,1,10,7,e,1,13,17,d,0,24,10,a,0
9238,106,1925,4,16,4,13,34,29,25,29,14,a,25,40,j,29,59,a,1,23,24,a,0,14,44,c,0,21,35,j,0,12,11,h,1,23,21,l,0,19,51,e,1,11,30,d,0,10,37,e,0,10,4,e,1,13,24,d,0,24,14,a,0
9239,107,1925,4,17,5,13,38,25,26,27,55,a,9,43,k,29,20,a,1,24,38,a,0,15,22,c,0,21,39,j,0,12,7,h,1,23,24,l,0,19,51,e,1,11,30,d,0,10,37,e,1,10,1,e,1,13,31,d,0,24,17,a,0
9240,108,1925,4,18,6,13,42,22,27,26,33,a,23,38,k,28,39,a,1,25,52,a,0,16,1,c,0,21,44,j,0,12,3,h,1,23,27,l,0,19,50,e,1,11,31,d,0,10,37,e,1,9,58,e,1,13,37,d,0,24,21,a,0
9241,109,1925,4,19,7,13,46,18,28,25,10,a,7,26,l,27,56,a,1,27,6,a,0,16,39,c,0,21,48,j,0,11,58,h,1,23,30,l,0,19,50,e,1,11,31,d,0,10,35,e,1,9,55,e,1,13,44,d,0,24,24,a,0
9242,110,1925,4,20,1,13,50,15,29,23,46,a,21,7,l,27,14,a,1,28,20,a,0,17,17,c,0,21,52,j,0,11,54,h,1,23,33,l,0,19,50,e,1,11,32,d,0,10,30,e,1,9,52,e,1,13,51,d,0,24,28,a,0
9243,111,1925,4,21,2,13,54,11,0,22,19,b,4,38,a,26,32,a,1,29,35,a,0,17,56,c,0,21,55,j,0,11,50,h,1,23,36,l,0,19,49,e,1,11,32,d,0,10,22,e,1,9,48,e,1,13,57,d,0,24,32,a,0
9244,112,1925,4,22,3,13,58,8,1,20,51,b,17,58,a,25,51,a,1,0,49,b,0,18,34,c,0,21,59,j,0,11,45,h,1,23,39,l,0,19,49,e,1,11,33,d,0,10,11,e,1,9,45,e,1,14,4,d,0,24,35,a,0
9245,113,1925,4,23,4,14,2,4,2,19,21,b,1,5,b,25,11,a,1,2,3,b,0,19,12,c,0,22,2,j,0,11,41,h,1,23,42,l,0,19,49,e,1,11,34,d,0,9,59,e,1,9,42,e,1,14,11,d,0,24,39,a,0
9246,114,1925,4,24,5,14,6,1,3,17,49,b,13,58,b,24,35,a,1,3,17,b,0,19,51,c,0,22,5,j,0,11,36,h,1,23,45,l,0,19,48,e,1,11,34,d,0,9,46,e,1,9,39,e,1,14,17,d,0,24,42,a,0
9247,115,1925,4,25,6,14,9,58,4,16,15,b,26,36,b,24,1,a,1,4,31,b,0,20,29,c,0,22,8,j,0,11,32,h,1,23,47,l,0,19,48,e,1,11,35,d,0,9,33,e,1,9,36,e,1,14,24,d,0,24,46,a,0
9248,116,1925,4,26,7,14,13,54,5,14,39,b,8,59,c,23,31,a,1,5,45,b,0,21,7,c,0,22,11,j,0,11,27,h,1,23,50,l,0,19,48,e,1,11,36,d,0,9,22,e,1,9,32,e,1,14,31,d,0,24,50,a,0
9249,117,1925,4,27,1,14,17,51,6,13,2,b,21,8,c,23,5,a,1,6,59,b,0,21,46,c,0,22,14,j,0,11,23,h,1,23,53,l,0,19,48,e,1,11,36,d,0,9,13,e,1,9,29,e,1,14,37,d,0,24,53,a,0
9250,118,1925,4,28,2,14,21,47,7,11,22,b,3,6,d,22,43,a,1,8,13,b,0,22,24,c,0,22,16,j,0,11,18,h,1,23,56,l,0,19,48,e,1,11,37,d,0,9,7,e,1,9,26,e,1,14,44,d,0,24,57,a,0
9251,119,1925,4,29,3,14,25,44,8,9,40,b,14,57,d,22,25,a,1,9,28,b,0,23,2,c,0,22,18,j,0,11,14,h,1,23,58,l,0,19,48,e,1,11,38,d,0,9,3,e,1,9,23,e,1,14,51,d,0,25,0,a,0
9252,120,1925,4,30,4,14,29,40,9,7,57,b,26,45,d,22,12,a,1,10,42,b,0,23,40,c,0,22,21,j,0,11,9,h,1,24,1,l,0,19,48,e,1,11,39,d,0,9,2,e,1,9,20,e,1,14,57,d,0,25,4,a,0
9253,121,1925,5,1,5,14,33,37,10,6,11,b,8,35,e,22,4,a,1,11,56,b,0,24,19,c,0,22,22,j,0,11,5,h,1,24,4,l,0,19,48,e,0,11,40,d,0,9,2,e,1,9,17,e,1,15,4,d,0,25,7,a,0
9254,122,1925,5,2,6,14,37,33,11,4,23,b,20,34,e,22,1,a,0,13,10,b,0,24,57,c,0,22,24,j,0,11,0,h,1,24,6,l,0,19,48,e,0,11,40,d,0,9,2,e,1,9,13,e,1,15,11,d,0,25,11,a,0
9255,123,1925,5,3,7,14,41,30,12,2,33,b,2,45,f,22,2,a,0,14,24,b,0,25,35,c,0,22,26,j,0,10,56,h,1,24,9,l,0,19,48,e,0,11,41,d,0,9,1,e,1,9,10,e,1,15,17,d,0,25,14,a,0
9256,124,1925,5,4,1,14,45,27,13,0,41,b,15,15,f,22,9,a,0,15,38,b,0,26,13,c,0,22,27,j,0,10,51,h,1,24,11,l,0,19,48,e,0,11,42,d,0,8,57,e,1,9,7,e,1,15,24,d,0,25,18,a,0
9257,125,1925,5,5,2,14,49,23,13,58,47,b,28,7,f,22,20,a,0,16,52,b,0,26,51,c,0,22,28,j,0,10,47,h,1,24,14,l,0,19,48,e,0,11,43,d,0,8,52,e,1,9,4,e,1,15,31,d,0,25,21,a,0
9258,126,1925,5,6,3,14,53,20,14,56,52,b,11,25,g,22,35,a,0,18,6,b,0,27,29,c,0,22,29,j,0,10,42,h,1,24,16,l,0,19,48,e,0,11,44,d,0,8,44,e,1,9,1,e,1,15,37,d,0,25,25,a,0
9259,127,1925,5,7,4,14,57,16,15,54,54,b,25,8,g,22,56,a,0,19,20,b,0,28,8,c,0,22,30,j,0,10,38,h,1,24,19,l,0,19,48,e,0,11,45,d,0,8,34,e,1,8,58,e,1,15,44,d,0,25,28,a,0
9260,128,1925,5,8,5,15,1,13,16,52,55,b,9,14,h,23,20,a,0,20,33,b,0,28,46,c,0,22,30,j,0,10,33,h,1,24,21,l,0,19,48,e,0,11,46,d,0,8,22,e,1,8,54,e,1,15,51,d,0,25,32,a,0
9261,129,1925,5,9,6,15,5,9,17,50,54,b,23,39,h,23,49,a,0,21,47,b,0,29,24,c,0,22,31,j,0,10,29,h,1,24,23,l,0,19,49,e,0,11,47,d,0,8,11,e,1,8,51,e,1,15,57,d,0,25,35,a,0
9262,130,1925,5,10,7,15,9,6,18,48,52,b,8,16,i,24,22,a,0,23,1,b,0,0,2,d,0,22,31,j,0,10,24,h,1,24,26,l,0,19,49,e,0,11,48,d,0,8,1,e,1,8,48,e,1,16,4,d,0,25,38,a,0
9263,131,1925,5,11,1,15,13,2,19,46,48,b,22,58,i,24,59,a,0,24,15,b,0,0,40,d,0,22,31,j,1,10,20,h,1,24,28,l,0,19,49,e,0,11,49,d,0,7,53,e,1,8,45,e,1,16,11,d,0,25,42,a,0
9264,132,1925,5,12,2,15,16,59,20,44,43,b,7,37,j,25,40,a,0,25,29,b,0,1,18,d,0,22,31,j,1,10,15,h,1,24,30,l,0,19,49,e,0,11,50,d,0,7,47,e,1,8,42,e,1,16,17,d,0,25,45,a,0
9265,133,1925,5,13,3,15,20,56,21,42,36,b,22,8,j,26,24,a,0,26,43,b,0,1,56,d,0,22,31,j,1,10,11,h,1,24,33,l,0,19,50,e,0,11,51,d,0,7,45,e,1,8,38,e,1,16,24,d,0,25,48,a,0
9266,134,1925,5,14,4,15,24,52,22,40,28,b,6,27,k,27,12,a,0,27,57,b,0,2,34,d,0,22,30,j,1,10,7,h,1,24,35,l,0,19,50,e,0,11,52,d,0,7,44,e,0,8,35,e,1,16,31,d,0,25,52,a,0
9267,135,1925,5,15,5,15,28,49,23,38,19,b,20,32,k,28,3,a,0,29,11,b,0,3,12,d,0,22,29,j,1,10,2,h,1,24,37,l,0,19,51,e,0,11,53,d,0,7,44,e,1,8,32,e,1,16,37,d,0,25,55,a,0
9268,136,1925,5,16,6,15,32,45,24,36,9,b,4,22,l,28,58,a,0,0,24,c,0,3,51,d,0,22,28,j,1,9,58,h,1,24,39,l,0,19,51,e,0,11,54,d,0,7,44,e,1,8,29,e,1,16,44,d,0,25,58,a,0
9269,137,1925,5,17,7,15,36,42,25,33,58,b,17,58,l,29,56,a,0,1,38,c,0,4,29,d,0,22,27,j,1,9,54,h,1,24,41,l,0,19,52,e,0,11,55,d,0,7,42,e,1,8,26,e,1,16,50,d,0,26,2,a,0
9270,138,1925,5,18,1,15,40,38,26,31,45,b,1,21,a,0,57,b,0,2,52,c,0,5,7,d,0,22,26,j,1,9,49,h,1,24,43,l,0,19,52,e,0,11,56,d,0,7,38,e,1,8,23,e,1,16,57,d,0,26,5,a,0
9271,139,1925,5,19,2,15,44,35,27,29,32,b,14,31,a,2,1,b,0,4,6,c,0,5,45,d,0,22,25,j,1,9,45,h,1,24,45,l,0,19,53,e,0,11,57,d,0,7,31,e,1,8,19,e,1,17,4,d,0,26,8,a,0
9272,140,1925,5,20,3,15,48,31,28,27,17,b,27,29,a,3,8,b,0,5,20,c,0,6,23,d,0,22,23,j,1,9,41,h,1,24,47,l,0,19,53,e,0,11,59,d,0,7,22,e,1,8,16,e,1,17,10,d,0,26,11,a,0
9273,141,1925,5,21,4,15,52,28,29,25,1,b,10,16,b,4,18,b,0,6,33,c,0,7,1,d,0,22,21,j,1,9,37,h,1,24,49,l,0,19,54,e,0,12,0,d,0,7,11,e,1,8,13,e,1,17,17,d,0,26,14,a,0
9274,142,1925,5,22,5,15,56,25,0,22,44,c,22,50,b,5,31,b,0,7,47,c,0,7,39,d,0,22,19,j,1,9,33,h,1,24,51,l,0,19,55,e,0,12,1,d,0,6,59,e,1,8,10,e,1,17,24,d,0,26,18,a,0
9275,143,1925,5,23,6,16,0,21,1,20,25,c,5,13,c,6,46,b,0,9,1,c,0,8,17,d,0,22,17,j,1,9,29,h,1,24,53,l,0,19,55,e,0,12,2,d,0,6,47,e,1,8,7,e,1,17,30,d,0,26,21,a,0
9276,144,1925,5,24,7,16,4,18,2,18,5,c,17,25,c,8,4,b,0,10,15,c,0,8,55,d,0,22,14,j,1,9,25,h,1,24,54,l,0,19,56,e,0,12,3,d,0,6,37,e,1,8,3,e,1,17,37,d,0,26,24,a,0
9277,145,1925,5,25,1,16,8,14,3,15,44,c,29,26,c,9,25,b,0,11,29,c,0,9,33,d,0,22,12,j,1,9,21,h,1,24,56,l,0,19,57,e,0,12,4,d,0,6,29,e,1,8,0,e,1,17,44,d,0,26,27,a,0
9278,146,1925,5,26,2,16,12,11,4,13,22,c,11,20,d,10,48,b,0,12,42,c,0,10,11,d,0,22,9,j,1,9,17,h,1,24,58,l,0,19,58,e,0,12,6,d,0,6,24,e,1,7,57,e,1,17,50,d,0,26,30,a,0
9279,147,1925,5,27,3,16,16,7,5,10,58,c,23,8,d,12,14,b,0,13,56,c,0,10,49,d,0,22,6,j,1,9,13,h,1,24,59,l,0,19,58,e,0,12,7,d,0,6,21,e,1,7,54,e,1,17,57,d,0,26,33,a,0
9280,148,1925,5,28,4,16,20,4,6,8,33,c,4,55,e,13,42,b,0,15,10,c,0,11,27,d,0,22,3,j,1,9,9,h,1,25,1,l,0,19,59,e,0,12,8,d,0,6,20,e,0,7,51,e,1,18,4,d,0,26,36,a,0
9281,149,1925,5,29,5,16,24,0,7,6,7,c,16,45,e,15,13,b,0,16,23,c,0,12,5,d,0,22,0,j,1,9,5,h,1,25,3,l,0,20,0,e,0,12,10,d,0,6,20,e,0,7,48,e,1,18,10,d,0,26,39,a,0
9282,150,1925,5,30,6,16,27,57,8,3,39,c,28,42,e,16,46,b,0,17,37,c,0,12,43,d,0,21,56,j,1,9,2,h,1,25,4,l,0,20,1,e,0,12,11,d,0,6,21,e,0,7,44,e,1,18,17,d,0,26,42,a,0
9283,151,1925,5,31,7,16,31,54,9,1,10,c,10,52,f,18,22,b,0,18,51,c,0,13,21,d,0,21,52,j,1,8,58,h,1,25,6,l,0,20,2,e,0,12,12,d,0,6,21,e,1,7,41,e,1,18,24,d,0,26,45,a,0
9284,152,1925,6,1,1,16,35,50,9,58,39,c,23,21,f,20,0,b,0,20,4,c,0,13,59,d,0,21,49,j,1,8,54,h,1,25,7,l,0,20,3,e,0,12,13,d,0,6,20,e,1,7,38,e,1,18,30,d,0,26,47,a,0
9285,153,1925,6,2,2,16,39,47,10,56,7,c,6,13,g,21,41,b,0,21,18,c,0,14,37,d,0,21,45,j,1,8,51,h,1,25,8,l,0,20,4,e,0,12,15,d,0,6,17,e,1,7,35,e,1,18,37,d,0,26,50,a,0
9286,154,1925,6,3,3,16,43,43,11,53,34,c,19,31,g,23,24,b,0,22,32,c,0,15,15,d,0,21,40,j,1,8,47,h,1,25,10,l,0,20,5,e,0,12,16,d,0,6,12,e,1,7,32,e,1,18,44,d,0,26,53,a,0
9287,155,1925,6,4,4,16,47,40,12,51,0,c,3,17,h,25,10,b,0,23,45,c,0,15,52,d,0,21,36,j,1,8,44,h,1,25,11,l,0,20,6,e,0,12,17,d,0,6,6,e,1,7,29,e,1,18,50,d,0,26,56,a,0
9288,156,1925,6,5,5,16,51,36,13,48,24,c,17,30,h,26,58,b,0,24,59,c,0,16,30,d,0,21,32,j,1,8,41,h,1,25,12,l,0,20,7,e,0,12,19,d,0,5,58,e,1,7,25,e,1,18,57,d,0,26,59,a,0
9289,157,1925,6,6,6,16,55,33,14,45,48,c,2,7,i,28,48,b,0,26,12,c,0,17,8,d,0,21,27,j,1,8,38,h,1,25,14,l,0,20,8,e,0,12,20,d,0,5,50,e,1,7,22,e,1,19,4,d,0,27,1,a,0
9290,158,1925,6,7,7,16,59,29,15,43,11,c,17,1,i,0,41,c,0,27,26,c,0,17,46,d,0,21,22,j,1,8,34,h,1,25,15,l,0,20,10,e,0,12,22,d,0,5,43,e,1,7,19,e,1,19,10,d,0,27,4,a,0
9291,159,1925,6,8,1,17,3,26,16,40,32,c,2,2,j,2,36,c,0,28,40,c,0,18,24,d,0,21,17,j,1,8,31,h,1,25,16,l,0,20,11,e,0,12,23,d,0,5,37,e,1,7,16,e,1,19,17,d,0,27,7,a,0
9292,160,1925,6,9,2,17,7,23,17,37,54,c,17,3,j,4,33,c,0,29,53,c,0,19,2,d,0,21,12,j,1,8,28,h,1,25,17,l,0,20,12,e,0,12,24,d,0,5,34,e,1,7,13,e,1,19,24,d,0,27,9,a,0
9293,161,1925,6,10,3,17,11,19,18,35,14,c,1,55,k,6,33,c,0,1,7,d,0,19,40,d,0,21,7,j,1,8,25,h,1,25,18,l,0,20,13,e,0,12,26,d,0,5,33,e,0,7,9,e,1,19,30,d,0,27,12,a,0
9294,162,1925,6,11,4,17,15,16,19,32,34,c,16,31,k,8,34,c,0,2,20,d,0,20,18,d,0,21,1,j,1,8,23,h,1,25,19,l,0,20,14,e,0,12,27,d,0,5,33,e,0,7,6,e,1,19,37,d,0,27,14,a,0
9295,163,1925,6,12,5,17,19,12,20,29,53,c,0,47,l,10,38,c,0,3,34,d,0,20,56,d,0,20,56,j,1,8,20,h,1,25,20,l,0,20,16,e,0,12,29,d,0,5,34,e,0,7,3,e,1,19,43,d,0,27,17,a,0
9296,164,1925,6,13,6,17,23,9,21,27,12,c,14,43,l,12,43,c,0,4,47,d,0,21,33,d,0,20,50,j,1,8,17,h,1,25,21,l,0,20,17,e,0,12,30,d,0,5,35,e,0,7,0,e,1,19,50,d,0,27,19,a,0
9297,165,1925,6,14,7,17,27,5,22,24,31,c,28,18,l,14,50,c,0,6,1,d,0,22,11,d,0,20,44,j,1,8,14,h,1,25,22,l,0,20,18,e,0,12,32,d,0,5,35,e,1,6,57,e,1,19,57,d,0,27,21,a,0
9298,166,1925,6,15,1,17,31,2,23,21,49,c,11,34,a,16,59,c,0,7,14,d,0,22,49,d,0,20,39,j,1,8,12,h,1,25,22,l,0,20,20,e,0,12,33,d,0,5,34,e,1,6,54,e,1,20,3,d,0,27,24,a,0
9299,167,1925,6,16,2,17,34,58,24,19,7,c,24,32,a,19,8,c,0,8,28,d,0,23,27,d,0,20,32,j,1,8,9,h,1,25,23,l,0,20,21,e,0,12,34,d,0,5,30,e,1,6,50,e,1,20,10,d,0,27,26,a,0
9300,168,1925,6,17,3,17,38,55,25,16,24,c,7,15,b,21,19,c,0,9,41,d,0,24,5,d,0,20,26,j,1,8,7,h,1,25,24,l,0,20,22,e,0,12,36,d,0,5,25,e,1,6,47,e,1,20,17,d,0,27,28,a,0
9301,169,1925,6,18,4,17,42,52,26,13,42,c,19,45,b,23,30,c,0,10,55,d,0,24,43,d,0,20,20,j,1,8,5,h,1,25,24,l,0,20,24,e,0,12,37,d,0,5,19,e,1,6,44,e,1,20,23,d,0,27,31,a,0
9302,170,1925,6,19,5,17,46,48,27,10,59,c,2,4,c,25,41,c,0,12,8,d,0,25,21,d,0,20,14,j,1,8,3,h,1,25,25,l,0,20,25,e,0,12,39,d,0,5,12,e,1,6,41,e,1,20,30,d,0,27,33,a,0
9303,171,1925,6,20,6,17,50,45,28,8,15,c,14,13,c,27,53,c,0,13,22,d,0,25,58,d,0,20,7,j,1,8,0,h,1,25,26,l,0,20,27,e,0,12,40,d,0,5,6,e,1,6,38,e,1,20,37,d,0,27,35,a,0
9304,172,1925,6,21,7,17,54,41,29,5,31,c,26,13,c,0,5,d,0,14,35,d,0,26,36,d,0,20,0,j,1,7,58,h,1,25,26,l,0,20,28,e,0,12,42,d,0,5,0,e,1,6,35,e,1,20,43,d,0,27,37,a,0
9305,173,1925,6,22,1,17,58,38,0,2,47,d,8,7,d,2,16,d,0,15,49,d,0,27,14,d,0,19,54,j,1,7,57,h,1,25,27,l,0,20,30,e,0,12,43,d,0,4,56,e,1,6,31,e,1,20,50,d,0,27,39,a,0
9306,174,1925,6,23,2,18,2,34,1,0,3,d,19,56,d,4,27,d,0,17,2,d,0,27,52,d,0,19,47,j,1,7,55,h,1,25,27,l,0,20,31,e,0,12,45,d,0,4,53,e,1,6,28,e,1,20,57,d,0,27,41,a,0
9307,175,1925,6,24,3,18,6,31,1,57,18,d,1,43,e,6,36,d,0,18,15,d,0,28,30,d,0,19,40,j,1,7,53,h,1,25,27,l,0,20,33,e,0,12,46,d,0,4,52,e,0,6,25,e,1,21,3,d,0,27,43,a,0
9308,176,1925,6,25,4,18,10,27,2,54,32,d,13,30,e,8,45,d,0,19,29,d,0,29,8,d,0,19,33,j,1,7,51,h,1,25,28,l,0,20,35,e,0,12,48,d,0,4,52,e,0,6,22,e,1,21,10,d,0,27,45,a,0
9309,177,1925,6,26,5,18,14,24,3,51,46,d,25,21,e,10,52,d,0,20,42,d,0,29,46,d,0,19,26,j,1,7,50,h,1,25,28,l,0,20,36,e,0,12,49,d,0,4,53,e,0,6,19,e,1,21,17,d,0,27,47,a,0
9310,178,1925,6,27,6,18,18,21,4,48,59,d,7,20,f,12,57,d,0,21,56,d,0,0,23,e,0,19,19,j,1,7,48,h,1,25,28,l,0,20,38,e,0,12,51,d,0,4,55,e,0,6,15,e,1,21,23,d,0,27,49,a,0
9311,179,1925,6,28,7,18,22,17,5,46,12,d,19,31,f,15,2,d,0,23,9,d,0,1,1,e,0,19,11,j,1,7,47,h,1,25,28,l,0,20,40,e,0,12,52,d,0,4,56,e,0,6,12,e,1,21,30,d,0,27,51,a,0
9312,180,1925,6,29,1,18,26,14,6,43,25,d,1,58,g,17,4,d,0,24,22,d,0,1,39,e,0,19,4,j,1,7,46,h,1,25,28,l,0,20,41,e,0,12,54,d,0,4,57,e,1,6,9,e,1,21,37,d,0,27,52,a,0
9313,181,1925,6,30,2,18,30,10,7,40,37,d,14,47,g,19,5,d,0,25,36,d,0,2,17,e,0,18,57,j,1,7,44,h,1,25,28,l,0,20,43,e,0,12,55,d,0,4,57,e,1,6,6,e,1,21,43,d,0,27,54,a,0
9314,182,1925,7,1,3,18,34,7,8,37,48,d,28,1,g,21,3,d,0,26,49,d,0,2,55,e,0,18,49,j,1,7,43,h,1,25,28,l,1,20,45,e,0,12,57,d,0,4,56,e,1,6,3,e,1,21,50,d,0,27,56,a,0
9315,183,1925,7,2,4,18,38,3,9,35,0,d,11,42,h,23,0,d,0,28,2,d,0,3,33,e,0,18,42,j,1,7,42,h,1,25,28,l,1,20,47,e,0,12,58,d,0,4,54,e,1,6,0,e,1,21,56,d,0,27,57,a,0
9316,184,1925,7,3,5,18,42,0,10,32,11,d,25,51,h,24,55,d,0,29,16,d,0,4,10,e,0,18,34,j,1,7,41,h,1,25,28,l,1,20,48,e,0,13,0,d,0,4,51,e,1,5,56,e,1,22,3,d,0,27,59,a,0
9317,185,1925,7,4,6,18,45,56,11,29,22,d,10,25,i,26,48,d,0,0,29,e,0,4,48,e,0,18,27,j,1,7,41,h,1,25,28,l,1,20,50,e,0,13,2,d,0,4,48,e,1,5,53,e,1,22,10,d,0,28,0,a,0
9318,186,1925,7,5,7,18,49,53,12,26,32,d,25,21,i,28,39,d,0,1,42,e,0,5,26,e,0,18,19,j,1,7,40,h,1,25,28,l,1,20,52,e,0,13,3,d,0,4,45,e,1,5,50,e,1,22,16,d,0,28,2,a,0
9319,187,1925,7,6,1,18,53,50,13,23,43,d,10,29,j,0,28,e,0,2,55,e,0,6,4,e,0,18,11,j,1,7,39,h,1,25,28,l,1,20,54,e,0,13,5,d,0,4,43,e,1,5,47,e,1,22,23,d,0,28,3,a,0
9320,188,1925,7,7,2,18,57,46,14,20,53,d,25,42,j,2,14,e,0,4,9,e,0,6,42,e,0,18,4,j,1,7,39,h,1,25,28,l,1,20,56,e,0,13,6,d,0,4,42,e,1,5,44,e,1,22,30,d,0,28,5,a,0
9321,189,1925,7,8,3,19,1,43,15,18,4,d,10,48,k,3,59,e,0,5,22,e,0,7,20,e,0,17,56,j,1,7,38,h,1,25,27,l,1,20,57,e,0,13,8,d,0,4,41,e,0,5,41,e,1,22,36,d,0,28,6,a,0
9322,190,1925,7,9,4,19,5,39,16,15,15,d,25,40,k,5,42,e,0,6,35,e,0,7,57,e,0,17,48,j,1,7,38,h,1,25,27,l,1,20,59,e,0,13,9,d,0,4,42,e,0,5,37,e,1,22,43,d,0,28,7,a,0
9323,191,1925,7,10,5,19,9,36,17,12,27,d,10,11,l,7,23,e,0,7,48,e,0,8,35,e,0,17,41,j,1,7,38,h,1,25,26,l,1,21,1,e,0,13,11,d,0,4,43,e,0,5,34,e,1,22,50,d,0,28,9,a,0
9324,192,1925,7,11,6,19,13,32,18,9,38,d,24,19,l,9,2,e,0,9,2,e,0,9,13,e,0,17,33,j,1,7,38,h,1,25,26,l,1,21,3,e,0,13,12,d,0,4,44,e,0,5,31,e,1,22,56,d,0,28,10,a,0
9325,193,1925,7,12,7,19,17,29,19,6,50,d,8,1,a,10,38,e,0,10,15,e,0,9,51,e,0,17,25,j,1,7,38,h,0,25,26,l,1,21,5,e,0,13,14,d,0,4,45,e,0,5,28,e,1,23,3,d,0,28,11,a,0
9326,194,1925,7,13,1,19,21,26,20,4,3,d,21,18,a,12,13,e,0,11,28,e,0,10,29,e,0,17,17,j,1,7,38,h,0,25,25,l,1,21,7,e,0,13,15,d,0,4,46,e,1,5,25,e,1,23,10,d,0,28,12,a,0
9327,195,1925,7,14,2,19,25,22,21,1,16,d,4,14,b,13,46,e,0,12,41,e,0,11,7,e,0,17,10,j,1,7,38,h,0,25,24,l,1,21,9,e,0,13,17,d,0,4,45,e,1,5,21,e,1,23,16,d,0,28,13,a,0
9328,196,1925,7,15,3,19,29,19,21,58,30,d,16,50,b,15,16,e,0,13,54,e,0,11,44,e,0,17,2,j,1,7,38,h,0,25,24,l,1,21,11,e,0,13,18,d,0,4,44,e,1,5,18,e,1,23,23,d,0,28,14,a,0
9329,197,1925,7,16,4,19,33,15,22,55,45,d,29,10,b,16,45,e,0,15,7,e,0,12,22,e,0,16,54,j,1,7,38,h,0,25,23,l,1,21,13,e,0,13,20,d,0,4,43,e,1,5,15,e,1,23,30,d,0,28,15,a,0
9330,198,1925,7,17,5,19,37,12,23,53,0,d,11,19,c,18,11,e,0,16,20,e,0,13,0,e,0,16,47,j,1,7,39,h,0,25,22,l,1,21,15,e,0,13,21,d,0,4,41,e,1,5,12,e,1,23,36,d,0,28,16,a,0
9331,199,1925,7,18,6,19,41,8,24,50,16,d,23,17,c,19,35,e,0,17,34,e,0,13,38,e,0,16,39,j,1,7,39,h,0,25,21,l,1,21,17,e,0,13,23,d,0,4,40,e,1,5,9,e,1,23,43,d,0,28,17,a,0
9332,200,1925,7,19,7,19,45,5,25,47,32,d,5,10,d,20,58,e,0,18,47,e,0,14,16,e,0,16,32,j,1,7,40,h,0,25,21,l,1,21,19,e,0,13,24,d,0,4,39,e,1,5,6,e,1,23,50,d,0,28,17,a,0
9333,201,1925,7,20,1,19,49,1,26,44,49,d,16,58,d,22,18,e,0,20,0,e,0,14,54,e,0,16,24,j,1,7,41,h,0,25,20,l,1,21,21,e,0,13,26,d,0,4,38,e,1,5,2,e,1,23,56,d,0,28,18,a,0
9334,202,1925,7,21,2,19,52,58,27,42,7,d,28,45,d,23,35,e,0,21,13,e,0,15,32,e,0,16,17,j,1,7,42,h,0,25,19,l,1,21,23,e,0,13,27,d,0,4,38,e,1,4,59,e,1,24,3,d,0,28,19,a,0
9335,203,1925,7,22,3,19,56,55,28,39,25,d,10,33,e,24,51,e,0,22,26,e,0,16,10,e,0,16,9,j,1,7,43,h,0,25,18,l,1,21,25,e,0,13,29,d,0,4,38,e,0,4,56,e,1,24,9,d,0,28,19,a,0
9336,204,1925,7,23,4,20,0,51,29,36,43,d,22,24,e,26,4,e,0,23,39,e,0,16,47,e,0,16,2,j,1,7,44,h,0,25,17,l,1,21,27,e,0,13,30,d,0,4,38,e,0,4,53,e,1,24,16,d,0,28,20,a,0
9337,205,1925,7,24,5,20,4,48,0,34,2,e,4,21,f,27,15,e,0,24,52,e,0,17,25,e,0,15,55,j,1,7,45,h,0,25,16,l,1,21,29,e,0,13,32,d,0,4,38,e,0,4,50,e,1,24,23,d,0,28,20,a,0
9338,206,1925,7,25,6,20,8,44,1,31,22,e,16,26,f,28,23,e,0,26,5,e,0,18,3,e,0,15,47,j,1,7,46,h,0,25,15,l,1,21,32,e,0,13,33,d,0,4,39,e,0,4,47,e,1,24,29,d,0,28,21,a,0
9339,207,1925,7,26,7,20,12,41,2,28,42,e,28,43,f,29,29,e,0,27,18,e,0,18,41,e,0,15,40,j,1,7,47,h,0,25,14,l,1,21,34,e,0,13,35,d,0,4,39,e,0,4,43,e,1,24,36,d,0,28,21,a,0
9340,208,1925,7,27,1,20,16,37,3,26,2,e,11,14,g,0,32,f,0,28,31,e,0,19,19,e,0,15,33,j,1,7,49,h,0,25,12,l,1,21,36,e,0,13,36,d,0,4,39,e,0,4,40,e,1,24,43,d,0,28,21,a,0
9341,209,1925,7,28,2,20,20,34,4,23,23,e,24,3,g,1,32,f,0,29,44,e,0,19,57,e,0,15,26,j,1,7,50,h,0,25,11,l,1,21,38,e,0,13,38,d,0,4,39,e,0,4,37,e,1,24,49,d,0,28,22,a,0
9342,210,1925,7,29,3,20,24,30,5,20,44,e,7,13,h,2,30,f,0,0,56,f,0,20,35,e,0,15,19,j,1,7,52,h,0,25,10,l,1,21,40,e,0,13,39,d,0,4,39,e,0,4,34,e,1,24,56,d,0,28,22,a,0
9343,211,1925,7,30,4,20,28,27,6,18,6,e,20,46,h,3,24,f,0,2,9,f,0,21,13,e,0,15,13,j,1,7,54,h,0,25,9,l,1,21,42,e,0,13,41,d,0,4,39,e,0,4,31,e,1,25,3,d,0,28,22,a,0
9344,212,1925,7,31,5,20,32,24,7,15,29,e,4,45,i,4,15,f,0,3,22,f,0,21,51,e,0,15,6,j,1,7,55,h,0,25,7,l,1,21,44,e,0,13,42,d,0,4,39,e,0,4,27,e,1,25,9,d,0,28,22,a,0
9345,213,1925,8,1,6,20,36,20,8,12,52,e,19,7,i,5,4,f,0,4,35,f,0,22,29,e,0,14,59,j,1,7,57,h,0,25,6,l,1,21,47,e,0,13,43,d,0,4,40,e,0,4,24,e,1,25,16,d,0,28,22,a,0
9346,214,1925,8,2,7,20,40,17,9,10,15,e,3,51,j,5,48,f,0,5,48,f,0,23,7,e,0,14,53,j,1,7,59,h,0,25,5,l,1,21,49,e,0,13,45,d,0,4,40,e,0,4,21,e,1,25,23,d,0,28,22,a,1
9347,215,1925,8,3,1,20,44,13,10,7,40,e,18,51,j,6,29,f,0,7,1,f,0,23,45,e,0,14,47,j,1,8,1,h,0,25,3,l,1,21,51,e,0,13,46,d,0,4,40,e,0,4,18,e,1,25,29,d,0,28,22,a,1
9348,216,1925,8,4,2,20,48,10,11,5,5,e,4,0,k,7,7,f,0,8,13,f,0,24,22,e,0,14,40,j,1,8,4,h,0,25,2,l,1,21,53,e,0,13,48,d,0,4,40,e,1,4,15,e,1,25,36,d,0,28,22,a,1
9349,217,1925,8,5,3,20,52,6,12,2,31,e,19,8,k,7,40,f,0,9,26,f,0,25,0,e,0,14,34,j,1,8,6,h,0,25,0,l,1,21,55,e,0,13,49,d,0,4,40,e,1,4,12,e,1,25,43,d,0,28,22,a,1
9350,218,1925,8,6,4,20,56,3,12,59,58,e,4,6,l,8,9,f,0,10,39,f,0,25,38,e,0,14,28,j,1,8,8,h,0,24,58,l,1,21,57,e,0,13,50,d,0,4,40,e,1,4,8,e,1,25,49,d,0,28,22,a,1
9351,219,1925,8,7,5,20,59,59,13,57,26,e,18,47,l,8,34,f,0,11,51,f,0,26,16,e,0,14,23,j,1,8,11,h,0,24,57,l,1,22,0,e,0,13,52,d,0,4,39,e,1,4,5,e,1,25,56,d,0,28,22,a,1
9352,220,1925,8,8,6,21,3,56,14,54,56,e,3,5,a,8,54,f,0,13,4,f,0,26,54,e,0,14,17,j,1,8,13,h,0,24,55,l,1,22,2,e,0,13,53,d,0,4,38,e,1,4,2,e,1,26,2,d,0,28,21,a,1
9353,221,1925,8,9,7,21,7,53,15,52,26,e,16,56,a,9,10,f,0,14,17,f,0,27,32,e,0,14,11,j,1,8,16,h,0,24,54,l,1,22,4,e,0,13,54,d,0,4,36,e,1,3,59,e,1,26,9,d,0,28,21,a,1
9354,222,1925,8,10,1,21,11,49,16,49,58,e,0,20,b,9,21,f,0,15,29,f,0,28,10,e,0,14,6,j,1,8,19,h,0,24,52,l,1,22,6,e,0,13,56,d,0,4,35,e,1,3,56,e,1,26,16,d,0,28,21,a,1
9355,223,1925,8,11,2,21,15,46,17,47,32,e,13,18,b,9,26,f,0,16,42,f,0,28,48,e,0,14,1,j,1,8,21,h,0,24,50,l,1,22,9,e,0,13,57,d,0,4,35,e,0,3,53,e,1,26,22,d,0,28,20,a,1
9356,224,1925,8,12,3,21,19,42,18,45,7,e,25,54,b,9,27,f,1,17,54,f,0,29,26,e,0,13,55,j,1,8,24,h,0,24,48,l,1,22,11,e,0,13,58,d,0,4,35,e,0,3,49,e,1,26,29,d,0,28,20,a,1
9357,225,1925,8,13,4,21,23,39,19,42,43,e,8,12,c,9,22,f,1,19,7,f,0,0,4,f,0,13,50,j,1,8,27,h,0,24,47,l,1,22,13,e,0,14,0,d,0,4,36,e,0,3,46,e,1,26,36,d,0,28,19,a,1
9358,226,1925,8,14,5,21,27,35,20,40,21,e,20,15,c,9,11,f,1,20,19,f,0,0,43,f,0,13,46,j,1,8,30,h,0,24,45,l,1,22,15,e,0,14,1,d,0,4,37,e,0,3,43,e,1,26,42,d,0,28,18,a,1
9359,227,1925,8,15,6,21,31,32,21,38,0,e,2,9,d,8,55,f,1,21,32,f,0,1,21,f,0,13,41,j,1,8,34,h,0,24,43,l,1,22,17,e,0,14,2,d,0,4,38,e,0,3,40,e,1,26,49,d,0,28,18,a,1
9360,228,1925,8,16,7,21,35,28,22,35,41,e,13,57,d,8,33,f,1,22,44,f,0,1,59,f,0,13,36,j,1,8,37,h,0,24,41,l,1,22,20,e,0,14,3,d,0,4,40,e,0,3,37,e,1,26,56,d,0,28,17,a,1
9361,229,1925,8,17,1,21,39,25,23,33,23,e,25,44,d,8,6,f,1,23,57,f,0,2,37,f,0,13,32,j,1,8,40,h,0,24,39,l,1,22,22,e,0,14,5,d,0,4,41,e,0,3,33,e,1,27,2,d,0,28,16,a,1
9362,230,1925,8,18,2,21,43,22,24,31,7,e,7,32,e,7,34,f,1,25,9,f,0,3,15,f,0,13,28,j,1,8,44,h,0,24,37,l,1,22,24,e,0,14,6,d,0,4,41,e,1,3,30,e,1,27,9,d,0,28,15,a,1
9363,231,1925,8,19,3,21,47,18,25,28,52,e,19,25,e,6,56,f,1,26,22,f,0,3,53,f,0,13,24,j,1,8,47,h,0,24,35,l,1,22,26,e,0,14,7,d,0,4,40,e,1,3,27,e,1,27,16,d,0,28,15,a,1
9364,232,1925,8,20,4,21,51,15,26,26,39,e,1,24,f,6,14,f,1,27,34,f,0,4,31,f,0,13,20,j,1,8,51,h,0,24,33,l,1,22,29,e,0,14,8,d,0,4,38,e,1,3,24,e,1,27,22,d,0,28,14,a,1
9365,233,1925,8,21,5,21,55,11,27,24,26,e,13,31,f,5,28,f,1,28,46,f,0,5,9,f,0,13,16,j,1,8,54,h,0,24,31,l,1,22,31,e,0,14,9,d,0,4,36,e,1,3,21,e,1,27,29,d,0,28,13,a,1
9366,234,1925,8,22,6,21,59,8,28,22,16,e,25,49,f,4,39,f,1,29,59,f,0,5,47,f,0,13,13,j,1,8,58,h,0,24,29,l,1,22,33,e,0,14,11,d,0,4,32,e,1,3,18,e,1,27,35,d,0,28,12,a,1
9367,235,1925,8,23,7,22,3,4,29,20,6,e,8,18,g,3,47,f,1,1,11,g,0,6,26,f,0,13,9,j,1,9,2,h,0,24,27,l,1,22,35,e,0,14,12,d,0,4,28,e,1,3,14,e,1,27,42,d,0,28,10,a,1
9368,236,1925,8,24,1,22,7,1,0,17,58,f,21,0,g,2,53,f,1,2,23,g,0,7,4,f,0,13,6,j,1,9,6,h,0,24,25,l,1,22,37,e,0,14,13,d,0,4,24,e,1,3,11,e,1,27,49,d,0,28,9,a,1
9369,237,1925,8,25,2,22,10,57,1,15,51,f,3,57,h,1,59,f,1,3,35,g,0,7,42,f,0,13,3,j,1,9,10,h,0,24,23,l,1,22,40,e,0,14,14,d,0,4,21,e,1,3,8,e,1,27,55,d,0,28,8,a,1
9370,238,1925,8,26,3,22,14,54,2,13,45,f,17,10,h,1,6,f,1,4,47,g,0,8,20,f,0,13,0,j,1,9,14,h,0,24,20,l,1,22,42,e,0,14,15,d,0,4,19,e,1,3,5,e,1,28,2,d,0,28,7,a,1
9371,239,1925,8,27,4,22,18,50,3,11,40,f,0,40,i,0,14,f,1,6,0,g,0,8,58,f,0,12,58,j,1,9,18,h,0,24,18,l,1,22,44,e,0,14,16,d,0,4,18,e,0,3,2,e,1,28,9,d,0,28,6,a,1
9372,240,1925,8,28,5,22,22,47,4,9,37,f,14,29,i,29,24,e,1,7,12,g,0,9,36,f,0,12,55,j,1,9,22,h,0,24,16,l,1,22,46,e,0,14,17,d,0,4,18,e,0,2,58,e,1,28,15,d,0,28,4,a,1
9373,241,1925,8,29,6,22,26,44,5,7,35,f,28,37,i,28,39,e,1,8,24,g,0,10,15,f,0,12,53,j,1,9,27,h,0,24,14,l,1,22,48,e,0,14,18,d,0,4,20,e,0,2,55,e,1,28,22,d,0,28,3,a,1
9374,242,1925,8,30,7,22,30,40,6,5,35,f,13,3,j,27,58,e,1,9,36,g,0,10,53,f,0,12,51,j,1,9,31,h,0,24,12,l,1,22,51,e,0,14,19,d,0,4,21,e,0,2,52,e,1,28,29,d,0,28,2,a,1
9375,243,1925,8,31,1,22,34,37,7,3,36,f,27,44,j,27,23,e,1,10,48,g,0,11,31,f,0,12,49,j,1,9,36,h,0,24,9,l,1,22,53,e,0,14,20,d,0,4,22,e,1,2,49,e,1,28,35,d,0,28,0,a,1
9376,244,1925,9,1,2,22,38,33,8,1,38,f,12,35,k,26,55,e,1,12,0,g,0,12,9,f,0,12,48,j,1,9,40,h,0,24,7,l,1,22,55,e,0,14,21,d,0,4,22,e,1,2,46,e,1,28,42,d,0,27,59,a,1
9377,245,1925,9,2,3,22,42,30,8,59,42,f,27,30,k,26,35,e,1,13,12,g,0,12,48,f,0,12,46,j,1,9,45,h,0,24,5,l,1,22,57,e,0,14,22,d,0,4,20,e,1,2,43,e,1,28,49,d,0,27,57,a,1
9378,246,1925,9,3,4,22,46,26,9,57,47,f,12,20,l,26,22,e,1,14,23,g,0,13,26,f,0,12,45,j,1,9,49,h,0,24,2,l,1,22,59,e,0,14,23,d,0,4,17,e,1,2,39,e,1,28,55,d,0,27,55,a,1
9379,247,1925,9,4,5,22,50,23,10,55,54,f,26,58,l,26,17,e,0,15,35,g,0,14,4,f,0,12,44,j,1,9,54,h,0,24,0,l,1,23,1,e,0,14,24,d,0,4,12,e,1,2,36,e,1,29,2,d,0,27,54,a,1
9380,248,1925,9,5,6,22,54,19,11,54,2,f,11,17,a,26,21,e,0,16,47,g,0,14,43,f,0,12,43,j,1,9,59,h,0,23,58,l,1,23,3,e,0,14,25,d,0,4,6,e,1,2,33,e,1,29,9,d,0,27,52,a,1
9381,249,1925,9,6,7,22,58,16,12,52,13,f,25,12,a,26,34,e,0,17,59,g,0,15,21,f,0,12,42,j,1,10,4,h,0,23,55,l,1,23,6,e,0,14,26,d,0,4,1,e,1,2,30,e,1,29,15,d,0,27,50,a,1
9382,250,1925,9,7,1,23,2,13,13,50,26,f,8,41,b,26,56,e,0,19,10,g,0,15,59,f,0,12,42,j,1,10,9,h,0,23,53,l,1,23,8,e,0,14,27,d,0,3,55,e,1,2,27,e,1,29,22,d,0,27,48,a,1
9383,251,1925,9,8,2,23,6,9,14,48,40,f,21,43,b,27,26,e,0,20,22,g,0,16,38,f,0,12,41,j,1,10,14,h,0,23,51,l,1,23,10,e,0,14,28,d,0,3,51,e,1,2,24,e,1,29,28,d,0,27,47,a,1
9384,252,1925,9,9,3,23,10,6,15,46,57,f,4,22,c,28,5,e,0,21,34,g,0,17,16,f,0,12,41,j,0,10,19,h,0,23,48,l,1,23,12,e,0,14,29,d,0,3,49,e,1,2,20,e,1,29,35,d,0,27,45,a,1
9385,253,1925,9,10,4,23,14,2,16,45,16,f,16,40,c,28,52,e,0,22,45,g,0,17,55,f,0,12,41,j,0,10,24,h,0,23,46,l,1,23,14,e,0,14,30,d,0,3,48,e,0,2,17,e,1,29,42,d,0,27,43,a,1
9386,254,1925,9,11,5,23,17,59,17,43,37,f,28,43,c,29,47,e,0,23,57,g,0,18,33,f,0,12,41,j,0,10,29,h,0,23,44,l,1,23,16,e,0,14,30,d,0,3,49,e,0,2,14,e,1,29,48,d,0,27,41,a,1
9387,255,1925,9,12,6,23,21,55,18,42,0,f,10,36,d,0,50,f,0,25,8,g,0,19,12,f,0,12,42,j,0,10,34,h,0,23,41,l,1,23,18,e,0,14,31,d,0,3,50,e,0,2,11,e,1,29,55,d,0,27,39,a,1
9388,256,1925,9,13,7,23,25,52,19,40,25,f,22,23,d,1,59,f,0,26,20,g,0,19,50,f,0,12,42,j,0,10,40,h,0,23,39,l,1,23,20,e,0,14,32,d,0,3,51,e,0,2,8,e,1,0,2,e,0,27,37,a,1
9389,257,1925,9,14,1,23,29,48,20,38,52,f,4,11,e,3,14,f,0,27,31,g,0,20,28,f,0,12,43,j,0,10,45,h,0,23,36,l,1,23,22,e,0,14,33,d,0,3,52,e,1,2,4,e,1,0,8,e,0,27,35,a,1
9390,258,1925,9,15,2,23,33,45,21,37,21,f,16,2,e,4,35,f,0,28,42,g,0,21,7,f,0,12,44,j,0,10,51,h,0,23,34,l,1,23,24,e,0,14,33,d,0,3,51,e,1,2,1,e,1,0,15,e,0,27,33,a,1
9391,259,1925,9,16,3,23,37,42,22,35,52,f,28,1,e,6,2,f,0,29,54,g,0,21,46,f,0,12,45,j,0,10,56,h,0,23,32,l,1,23,26,e,0,14,34,d,0,3,48,e,1,1,58,e,1,0,22,e,0,27,31,a,1
9392,260,1925,9,17,4,23,41,38,23,34,25,f,10,10,f,7,33,f,0,1,5,h,0,22,24,f,0,12,47,j,0,11,2,h,0,23,29,l,1,23,28,e,0,14,35,d,0,3,43,e,1,1,55,e,1,0,28,e,0,27,28,a,1
9393,261,1925,9,18,5,23,45,35,24,33,0,f,22,32,f,9,8,f,0,2,16,h,0,23,3,f,0,12,48,j,0,11,7,h,0,23,27,l,1,23,30,e,0,14,35,d,0,3,36,e,1,1,52,e,1,0,35,e,0,27,26,a,1
9394,262,1925,9,19,6,23,49,31,25,31,37,f,5,7,g,10,46,f,0,3,28,h,0,23,41,f,0,12,50,j,0,11,13,h,0,23,24,l,1,23,32,e,0,14,36,d,0,3,27,e,1,1,49,e,1,0,42,e,0,27,24,a,1
9395,263,1925,9,20,7,23,53,28,26,30,16,f,17,55,g,12,27,f,0,4,39,h,0,24,20,f,0,12,52,j,0,11,19,h,0,23,22,l,1,23,34,e,0,14,37,d,0,3,17,e,1,1,45,e,1,0,48,e,0,27,22,a,1
9396,264,1925,9,21,1,23,57,24,27,28,57,f,0,56,h,14,11,f,0,5,50,h,0,24,58,f,0,12,54,j,0,11,25,h,0,23,20,l,1,23,36,e,0,14,37,d,0,3,8,e,1,1,42,e,1,0,55,e,0,27,19,a,1
9397,265,1925,9,22,2,0,1,21,28,27,40,f,14,10,h,15,56,f,0,7,1,h,0,25,37,f,0,12,57,j,0,11,30,h,0,23,17,l,1,23,38,e,0,14,38,d,0,3,0,e,1,1,39,e,1,1,1,e,0,27,17,a,1
9398,266,1925,9,23,3,0,5,17,29,26,24,f,27,35,h,17,43,f,0,8,12,h,0,26,16,f,0,12,59,j,0,11,36,h,0,23,15,l,1,23,40,e,0,14,38,d,0,2,54,e,1,1,36,e,1,1,8,e,0,27,15,a,1
9399,267,1925,9,24,4,0,9,14,0,25,10,g,11,12,i,19,31,f,0,9,23,h,0,26,54,f,0,13,2,j,0,11,42,h,0,23,12,l,1,23,42,e,0,14,39,d,0,2,50,e,1,1,33,e,1,1,15,e,0,27,12,a,1
9400,268,1925,9,25,5,0,13,10,1,23,58,g,25,0,i,21,20,f,0,10,34,h,0,27,33,f,0,13,5,j,0,11,48,h,0,23,10,l,1,23,44,e,0,14,39,d,0,2,48,e,1,1,30,e,1,1,21,e,0,27,10,a,1
9401,269,1925,9,26,6,0,17,7,2,22,48,g,9,0,j,23,9,f,0,11,44,h,0,28,12,f,0,13,8,j,0,11,54,h,0,23,8,l,1,23,45,e,0,14,40,d,0,2,48,e,0,1,26,e,1,1,28,e,0,27,7,a,1
9402,270,1925,9,27,7,0,21,4,3,21,39,g,23,10,j,24,59,f,0,12,55,h,0,28,51,f,0,13,11,j,0,12,0,h,0,23,5,l,1,23,47,e,0,14,40,d,0,2,49,e,0,1,23,e,1,1,35,e,0,27,5,a,1
9403,271,1925,9,28,1,0,25,0,4,20,32,g,7,30,k,26,48,f,0,14,6,h,0,29,29,f,0,13,14,j,0,12,7,h,0,23,3,l,1,23,49,e,0,14,41,d,0,2,49,e,1,1,20,e,1,1,41,e,0,27,2,a,1
9404,272,1925,9,29,2,0,28,57,5,19,27,g,21,57,k,28,38,f,0,15,17,h,0,0,8,g,0,13,18,j,0,12,13,h,0,23,1,l,1,23,51,e,0,14,41,d,0,2,47,e,1,1,17,e,1,1,48,e,0,27,0,a,1
9405,273,1925,9,30,3,0,32,53,6,18,23,g,6,28,l,0,27,g,0,16,27,h,0,0,47,g,0,13,22,j,0,12,19,h,0,22,58,l,1,23,52,e,0,14,42,d,0,2,43,e,1,1,14,e,1,1,55,e,0,26,57,a,1
9406,274,1925,10,1,4,0,36,50,7,17,22,g,20,57,l,2,16,g,0,17,38,h,0,1,26,g,0,13,26,j,0,12,25,h,0,22,56,l,1,23,54,e,0,14,42,d,0,2,37,e,1,1,10,e,1,2,1,e,0,26,55,a,1
9407,275,1925,10,2,5,0,40,46,8,16,22,g,5,18,a,4,4,g,0,18,48,h,0,2,4,g,0,13,30,j,0,12,32,h,0,22,54,l,1,23,56,e,0,14,42,d,0,2,28,e,1,1,7,e,1,2,8,e,0,26,52,a,1
9408,276,1925,10,3,6,0,44,43,9,15,24,g,19,26,a,5,52,g,0,19,58,h,0,2,43,g,0,13,34,j,0,12,38,h,0,22,51,l,1,23,58,e,0,14,43,d,0,2,18,e,1,1,4,e,1,2,15,e,0,26,49,a,1
9409,277,1925,10,4,7,0,48,39,10,14,28,g,3,14,b,7,39,g,0,21,9,h,0,3,22,g,0,13,39,j,0,12,44,h,0,22,49,l,1,23,59,e,0,14,43,d,0,2,6,e,1,1,1,e,1,2,21,e,0,26,47,a,1
9410,278,1925,10,5,1,0,52,36,11,13,35,g,16,39,b,9,25,g,0,22,19,h,0,4,1,g,0,13,43,j,0,12,51,h,0,22,47,l,1,24,1,e,0,14,43,d,0,1,56,e,1,0,58,e,1,2,28,e,0,26,44,a,1
9411,279,1925,10,6,2,0,56,33,12,12,44,g,29,41,b,11,11,g,0,23,29,h,0,4,40,g,0,13,48,j,0,12,57,h,0,22,45,l,1,24,3,e,0,14,43,d,0,1,47,e,1,0,55,e,1,2,34,e,0,26,41,a,1
9412,280,1925,10,7,3,1,0,29,13,11,55,g,12,21,c,12,56,g,0,24,39,h,0,5,19,g,0,13,53,j,0,13,4,h,0,22,43,l,1,24,4,e,0,14,44,d,0,1,41,e,1,0,51,e,1,2,41,e,0,26,39,a,1
9413,281,1925,10,8,4,1,4,26,14,11,8,g,24,40,c,14,40,g,0,25,49,h,0,5,58,g,0,13,59,j,0,13,10,h,0,22,40,l,1,24,6,e,0,14,44,d,0,1,37,e,1,0,48,e,1,2,48,e,0,26,36,a,1
9414,282,1925,10,9,5,1,8,22,15,10,24,g,6,44,d,16,23,g,0,26,59,h,0,6,37,g,0,14,4,j,0,13,17,h,0,22,38,l,1,24,7,e,0,14,44,d,0,1,35,e,1,0,45,e,1,2,54,e,0,26,33,a,1
9415,283,1925,10,10,6,1,12,19,16,9,42,g,18,37,d,18,6,g,0,28,9,h,0,7,16,g,0,14,9,j,0,13,24,h,0,22,36,l,1,24,9,e,0,14,44,d,0,1,35,e,0,0,42,e,1,3,1,e,0,26,30,a,1
9416,284,1925,10,11,7,1,16,15,17,9,2,g,0,25,e,19,48,g,0,29,19,h,0,7,55,g,0,14,15,j,0,13,30,h,0,22,34,l,1,24,10,e,0,14,44,d,0,1,35,e,1,0,39,e,1,3,8,e,0,26,28,a,1
9417,285,1925,10,12,1,1,20,12,18,8,25,g,12,14,e,21,29,g,0,0,29,i,0,8,34,g,0,14,21,j,0,13,37,h,0,22,32,l,1,24,12,e,0,14,44,d,0,1,35,e,1,0,35,e,1,3,14,e,0,26,25,a,1
9418,286,1925,10,13,2,1,24,8,19,7,50,g,24,8,e,23,9,g,0,1,38,i,0,9,13,g,0,14,27,j,0,13,44,h,0,22,30,l,1,24,13,e,0,14,45,d,0,1,33,e,1,0,32,e,1,3,21,e,0,26,22,a,1
9419,287,1925,10,14,3,1,28,5,20,7,17,g,6,12,f,24,49,g,0,2,48,i,0,9,52,g,0,14,33,j,0,13,51,h,0,22,28,l,1,24,15,e,0,14,45,d,0,1,28,e,1,0,29,e,1,3,28,e,0,26,19,a,1
9420,288,1925,10,15,4,1,32,2,21,6,46,g,18,30,f,26,28,g,0,3,57,i,0,10,31,g,0,14,39,j,0,13,57,h,0,22,26,l,1,24,16,e,0,14,45,d,0,1,21,e,1,0,26,e,1,3,34,e,0,26,17,a,1
9421,289,1925,10,16,5,1,35,58,22,6,18,g,1,5,g,28,7,g,0,5,7,i,0,11,10,g,0,14,46,j,0,14,4,h,0,22,24,l,1,24,17,e,0,14,45,d,1,1,11,e,1,0,23,e,1,3,41,e,0,26,14,a,1
9422,290,1925,10,17,6,1,39,55,23,5,51,g,13,57,g,29,44,g,0,6,16,i,0,11,50,g,0,14,53,j,0,14,11,h,0,22,22,l,1,24,19,e,0,14,45,d,1,0,59,e,1,0,20,e,1,3,48,e,0,26,11,a,1
9423,291,1925,10,18,7,1,43,51,24,5,27,g,27,7,g,1,21,h,0,7,25,i,0,12,29,g,0,14,59,j,0,14,18,h,0,22,20,l,1,24,20,e,0,14,45,d,1,0,46,e,1,0,16,e,1,3,54,e,0,26,8,a,1
9424,292,1925,10,19,1,1,47,48,25,5,5,g,10,32,h,2,58,h,0,8,34,i,0,13,8,g,0,15,6,j,0,14,25,h,0,22,18,l,1,24,21,e,0,14,45,d,1,0,33,e,1,0,13,e,1,4,1,e,0,26,5,a,1
9425,293,1925,10,20,2,1,51,44,26,4,44,g,24,10,h,4,34,h,0,9,43,i,0,13,47,g,0,15,14,j,0,14,32,h,0,22,16,l,1,24,23,e,0,14,44,d,1,0,21,e,1,0,10,e,1,4,7,e,0,26,3,a,1
9426,294,1925,10,21,3,1,55,41,27,4,26,g,7,57,i,6,9,h,0,10,52,i,0,14,27,g,0,15,21,j,0,14,39,h,0,22,14,l,1,24,24,e,0,14,44,d,1,0,12,e,1,0,7,e,1,4,14,e,0,26,0,a,1
9427,295,1925,10,22,4,1,59,37,28,4,9,g,21,52,i,7,43,h,0,12,1,i,0,15,6,g,0,15,28,j,0,14,46,h,0,22,12,l,1,24,25,e,0,14,44,d,1,0,6,e,1,0,4,e,1,4,21,e,0,25,57,a,1
9428,296,1925,10,23,5,2,3,34,29,3,55,g,5,52,j,9,17,h,0,13,10,i,0,15,45,g,0,15,36,j,0,14,53,h,0,22,10,l,1,24,26,e,0,14,44,d,1,0,3,e,1,0,1,e,1,4,27,e,0,25,54,a,1
9429,297,1925,10,24,6,2,7,31,0,3,42,h,19,55,j,10,51,h,0,14,18,i,0,16,25,g,0,15,43,j,0,15,0,h,0,22,9,l,1,24,27,e,0,14,44,d,1,0,2,e,1,29,57,d,1,4,34,e,0,25,51,a,1
9430,298,1925,10,25,7,2,11,27,1,3,30,h,3,59,k,12,24,h,0,15,27,i,0,17,4,g,0,15,51,j,0,15,7,h,0,22,7,l,1,24,29,e,0,14,44,d,1,0,2,e,1,29,54,d,1,4,41,e,0,25,49,a,1
9431,299,1925,10,26,1,2,15,24,2,3,20,h,18,6,k,13,56,h,0,16,35,i,0,17,43,g,0,15,59,j,0,15,14,h,0,22,5,l,1,24,30,e,0,14,43,d,1,0,1,e,1,29,51,d,1,4,47,e,0,25,46,a,1
9432,300,1925,10,27,2,2,19,20,3,3,12,h,2,13,l,15,28,h,0,17,43,i,0,18,23,g,0,16,7,j,0,15,21,h,0,22,4,l,1,24,31,e,0,14,43,d,1,29,59,d,1,29,48,d,1,4,54,e,0,25,43,a,1
9433,301,1925,10,28,3,2,23,17,4,3,6,h,16,19,l,16,59,h,0,18,51,i,0,19,2,g,0,16,16,j,0,15,28,h,0,22,2,l,1,24,32,e,0,14,43,d,1,29,54,d,1,29,45,d,1,5,1,e,0,25,40,a,1
9434,302,1925,10,29,4,2,27,13,5,3,1,h,0,21,a,18,30,h,0,19,59,i,0,19,42,g,0,16,24,j,0,15,35,h,0,22,0,l,1,24,33,e,0,14,43,d,1,29,47,d,1,29,41,d,1,5,7,e,0,25,37,a,1
9435,303,1925,10,30,5,2,31,10,6,2,57,h,14,17,a,20,1,h,0,21,7,i,0,20,21,g,0,16,33,j,0,15,42,h,0,21,59,l,1,24,34,e,0,14,42,d,1,29,37,d,1,29,38,d,1,5,14,e,0,25,35,a,1
9436,304,1925,10,31,6,2,35,6,7,2,56,h,28,1,a,21,30,h,0,22,15,i,0,21,1,g,0,16,41,j,0,15,49,h,0,21,57,l,1,24,35,e,0,14,42,d,1,29,24,d,1,29,35,d,1,5,21,e,0,25,32,a,1
9437,305,1925,11,1,7,2,39,3,8,2,56,h,11,31,b,23,0,h,0,23,22,i,0,21,40,g,0,16,50,j,0,15,57,h,0,21,56,l,1,24,36,e,0,14,42,d,1,29,11,d,1,29,32,d,1,5,27,e,0,25,29,a,1
9438,306,1925,11,2,1,2,43,0,9,2,59,h,24,44,b,24,29,h,0,24,30,i,0,22,20,g,0,16,59,j,0,16,4,h,0,21,55,l,1,24,36,e,0,14,41,d,1,28,59,d,1,29,29,d,1,5,34,e,0,25,27,a,1
9439,307,1925,11,3,2,2,46,56,10,3,3,h,7,38,c,25,57,h,0,25,37,i,0,22,59,g,0,17,8,j,0,16,11,h,0,21,53,l,1,24,37,e,0,14,41,d,1,28,48,d,1,29,26,d,1,5,41,e,0,25,24,a,1
9440,308,1925,11,4,3,2,50,53,11,3,10,h,20,12,c,27,25,h,0,26,44,i,0,23,39,g,0,17,17,j,0,16,18,h,0,21,52,l,1,24,38,e,0,14,40,d,1,28,40,d,1,29,22,d,1,5,47,e,0,25,21,a,1
9441,309,1925,11,5,4,2,54,49,12,3,18,h,2,29,d,28,52,h,0,27,51,i,0,24,19,g,0,17,27,j,0,16,25,h,0,21,51,l,1,24,39,e,0,14,40,d,1,28,35,d,1,29,19,d,1,5,54,e,0,25,18,a,1
9442,310,1925,11,6,5,2,58,46,13,3,29,h,14,32,d,0,18,i,0,28,57,i,0,24,58,g,0,17,36,j,0,16,32,h,0,21,49,l,1,24,40,e,0,14,39,d,1,28,32,d,1,29,16,d,1,6,0,e,0,25,16,a,1
9443,311,1925,11,7,6,3,2,42,14,3,41,h,26,25,d,1,44,i,0,0,4,j,0,25,38,g,0,17,46,j,0,16,40,h,0,21,48,l,1,24,40,e,0,14,39,d,1,28,31,d,0,29,13,d,1,6,7,e,0,25,13,a,1
9444,312,1925,11,8,7,3,6,39,15,3,55,h,8,13,e,3,10,i,0,1,10,j,0,26,18,g,0,17,55,j,0,16,47,h,0,21,47,l,1,24,41,e,0,14,38,d,1,28,31,d,0,29,10,d,1,6,14,e,0,25,11,a,1
9445,313,1925,11,9,1,3,10,35,16,4,12,h,20,2,e,4,34,i,0,2,16,j,0,26,57,g,0,18,5,j,0,16,54,h,0,21,46,l,1,24,42,e,0,14,38,d,1,28,31,d,1,29,7,d,1,6,20,e,0,25,8,a,1
9446,314,1925,11,10,2,3,14,32,17,4,30,h,1,56,f,5,58,i,0,3,22,j,0,27,37,g,0,18,15,j,0,17,1,h,0,21,45,l,1,24,42,e,0,14,37,d,1,28,30,d,1,29,3,d,1,6,27,e,0,25,5,a,1
9447,315,1925,11,11,3,3,18,29,18,4,51,h,14,2,f,7,21,i,0,4,28,j,0,28,17,g,0,18,25,j,0,17,8,h,0,21,44,l,1,24,43,e,0,14,37,d,1,28,27,d,1,29,0,d,1,6,34,e,0,25,3,a,1
9448,316,1925,11,12,4,3,22,25,19,5,13,h,26,24,f,8,43,i,0,5,34,j,0,28,57,g,0,18,35,j,0,17,16,h,0,21,43,l,1,24,43,e,0,14,36,d,1,28,22,d,1,28,57,d,1,6,40,e,0,25,0,a,1
9449,317,1925,11,13,5,3,26,22,20,5,37,h,9,6,g,10,4,i,0,6,39,j,0,29,37,g,0,18,45,j,0,17,23,h,0,21,42,l,1,24,44,e,0,14,35,d,1,28,13,d,1,28,54,d,1,6,47,e,0,24,58,a,1
9450,318,1925,11,14,6,3,30,18,21,6,3,h,22,10,g,11,25,i,0,7,44,j,0,0,17,h,0,18,56,j,0,17,30,h,0,21,41,l,1,24,44,e,0,14,35,d,1,28,3,d,1,28,51,d,1,6,54,e,0,24,55,a,1
9451,319,1925,11,15,7,3,34,15,22,6,31,h,5,35,h,12,43,i,0,8,49,j,0,0,56,h,0,19,6,j,0,17,37,h,0,21,40,l,1,24,45,e,0,14,34,d,1,27,52,d,1,28,47,d,1,7,0,e,0,24,53,a,1
9452,320,1925,11,16,1,3,38,11,23,7,1,h,19,22,h,14,1,i,0,9,54,j,0,1,36,h,0,19,17,j,0,17,44,h,0,21,39,l,1,24,45,e,0,14,33,d,1,27,41,d,1,28,44,d,1,7,7,e,0,24,51,a,1
9453,321,1925,11,17,2,3,42,8,24,7,32,h,3,25,i,15,17,i,0,10,58,j,0,2,16,h,0,19,27,j,0,17,51,h,0,21,39,l,1,24,46,e,0,14,33,d,1,27,30,d,1,28,41,d,1,7,14,e,0,24,48,a,1
9454,322,1925,11,18,3,3,46,4,25,8,5,h,17,40,i,16,31,i,0,12,3,j,0,2,56,h,0,19,38,j,0,17,59,h,0,21,38,l,1,24,46,e,0,14,32,d,1,27,22,d,1,28,38,d,1,7,20,e,0,24,46,a,1
9455,323,1925,11,19,4,3,50,1,26,8,39,h,2,1,j,17,43,i,0,13,7,j,0,3,36,h,0,19,49,j,0,18,6,h,0,21,37,l,1,24,46,e,0,14,31,d,1,27,17,d,1,28,35,d,1,7,27,e,0,24,44,a,1
9456,324,1925,11,20,5,3,53,58,27,9,15,h,16,23,j,18,53,i,0,14,10,j,0,4,16,h,0,20,0,j,0,18,13,h,0,21,37,l,1,24,47,e,0,14,30,d,1,27,15,d,1,28,32,d,1,7,33,e,0,24,41,a,1
9457,325,1925,11,21,6,3,57,54,28,9,52,h,0,43,k,20,0,i,0,15,14,j,0,4,57,h,0,20,11,j,0,18,20,h,0,21,36,l,1,24,47,e,0,14,30,d,1,27,14,d,0,28,28,d,1,7,40,e,0,24,39,a,1
9458,326,1925,11,22,7,4,1,51,29,10,30,h,14,57,k,21,5,i,0,16,17,j,0,5,37,h,0,20,22,j,0,18,27,h,0,21,36,l,1,24,47,e,0,14,29,d,1,27,15,d,0,28,25,d,1,7,47,e,0,24,37,a,1
9459,327,1925,11,23,1,4,5,47,0,11,9,i,29,3,k,22,6,i,0,17,19,j,0,6,17,h,0,20,34,j,0,18,34,h,0,21,35,l,1,24,47,e,0,14,28,d,1,27,15,d,1,28,22,d,1,7,53,e,0,24,35,a,1
9460,328,1925,11,24,2,4,9,44,1,11,49,i,13,1,l,23,3,i,0,18,22,j,0,6,57,h,0,20,45,j,0,18,41,h,0,21,35,l,1,24,47,e,0,14,27,d,1,27,15,d,1,28,19,d,1,8,0,e,0,24,33,a,1
9461,329,1925,11,25,3,4,13,40,2,12,30,i,26,51,l,23,56,i,0,19,24,j,0,7,37,h,0,20,56,j,0,18,48,h,0,21,34,l,1,24,48,e,0,14,26,d,1,27,12,d,1,28,16,d,1,8,7,e,0,24,30,a,1
9462,330,1925,11,26,4,4,17,37,3,13,12,i,10,30,a,24,44,i,0,20,26,j,0,8,17,h,0,21,8,j,0,18,55,h,0,21,34,l,1,24,48,e,0,14,25,d,1,27,7,d,1,28,12,d,1,8,13,e,0,24,28,a,1
9463,331,1925,11,27,5,4,21,33,4,13,55,i,24,0,a,25,27,i,0,21,27,j,0,8,58,h,0,21,20,j,0,19,3,h,0,21,34,l,1,24,48,e,0,14,24,d,1,27,0,d,1,28,9,d,1,8,20,e,0,24,26,a,1
9464,332,1925,11,28,6,4,25,30,5,14,40,i,7,19,b,26,4,i,0,22,28,j,0,9,38,h,0,21,31,j,0,19,10,h,0,21,34,l,1,24,48,e,1,14,24,d,1,26,51,d,1,28,6,d,1,8,27,e,0,24,24,a,1
9465,333,1925,11,29,7,4,29,27,6,15,25,i,20,25,b,26,33,i,0,23,29,j,0,10,18,h,0,21,43,j,0,19,17,h,0,21,33,l,1,24,48,e,1,14,23,d,1,26,41,d,1,28,3,d,1,8,33,e,0,24,23,a,1
9466,334,1925,11,30,1,4,33,23,7,16,12,i,3,17,c,26,55,i,0,24,29,j,0,10,58,h,0,21,55,j,0,19,24,h,0,21,33,l,1,24,48,e,1,14,22,d,1,26,32,d,1,28,0,d,1,8,40,e,0,24,21,a,1
9467,335,1925,12,1,2,4,37,20,8,17,0,i,15,55,c,27,8,i,0,25,29,j,0,11,39,h,0,22,7,j,0,19,30,h,0,21,33,l,0,24,47,e,1,14,21,d,1,26,24,d,1,27,57,d,1,8,47,e,0,24,19,a,1
9468,336,1925,12,2,3,4,41,16,9,17,50,i,28,18,c,27,12,i,1,26,28,j,0,12,19,h,0,22,19,j,0,19,37,h,0,21,33,l,0,24,47,e,1,14,20,d,1,26,18,d,1,27,53,d,1,8,53,e,0,24,17,a,1
9469,337,1925,12,3,4,4,45,13,10,18,40,i,10,29,d,27,6,i,1,27,27,j,0,13,0,h,0,22,31,j,0,19,44,h,0,21,33,l,0,24,47,e,1,14,19,d,1,26,15,d,1,27,50,d,1,9,0,e,0,24,15,a,1
9470,338,1925,12,4,5,4,49,9,11,19,32,i,22,28,d,26,49,i,1,28,26,j,0,13,40,h,0,22,43,j,0,19,51,h,0,21,33,l,0,24,47,e,1,14,18,d,1,26,13,d,0,27,47,d,1,9,7,e,0,24,14,a,1
9471,339,1925,12,5,6,4,53,6,12,20,25,i,4,20,e,26,21,i,1,29,24,j,0,14,20,h,0,22,56,j,0,19,58,h,0,21,34,l,0,24,47,e,1,14,17,d,1,26,14,d,0,27,44,d,1,9,13,e,0,24,12,a,1
9472,340,1925,12,6,7,4,57,2,13,21,19,i,16,7,e,25,41,i,1,0,21,k,0,15,1,h,0,23,8,j,0,20,5,h,0,21,34,l,0,24,46,e,1,14,16,d,1,26,15,d,0,27,41,d,1,9,20,e,0,24,10,a,1
9473,341,1925,12,7,1,5,0,59,14,22,14,i,27,55,e,24,51,i,1,1,18,k,0,15,41,h,0,23,20,j,0,20,12,h,0,21,34,l,0,24,46,e,1,14,15,d,1,26,17,d,0,27,38,d,1,9,26,e,0,24,9,a,1
9474,342,1925,12,8,2,5,4,56,15,23,11,i,9,48,f,23,50,i,1,2,15,k,0,16,22,h,0,23,33,j,0,20,18,h,0,21,34,l,0,24,46,e,1,14,13,d,1,26,18,d,0,27,34,d,1,9,33,e,0,24,7,a,1
9475,343,1925,12,9,3,5,8,52,16,24,9,i,21,53,f,22,41,i,1,3,10,k,0,17,3,h,0,23,45,j,0,20,25,h,0,21,35,l,0,24,45,e,1,14,12,d,1,26,18,d,1,27,31,d,1,9,40,e,0,24,6,a,1
9476,344,1925,12,10,4,5,12,49,17,25,8,i,4,13,g,21,25,i,1,4,6,k,0,17,43,h,0,23,58,j,0,20,32,h,0,21,35,l,0,24,45,e,1,14,11,d,1,26,16,d,1,27,28,d,1,9,46,e,0,24,4,a,1
9477,345,1925,12,11,5,5,16,45,18,26,8,i,16,53,g,20,4,i,1,5,0,k,0,18,24,h,0,24,11,j,0,20,38,h,0,21,36,l,0,24,45,e,1,14,10,d,1,26,13,d,1,27,25,d,1,9,53,e,0,24,3,a,1
9478,346,1925,12,12,6,5,20,42,19,27,9,i,29,58,g,18,41,i,1,5,55,k,0,19,4,h,0,24,23,j,0,20,45,h,0,21,36,l,0,24,44,e,1,14,9,d,1,26,8,d,1,27,22,d,1,10,0,e,0,24,2,a,1
9479,347,1925,12,13,7,5,24,38,20,28,12,i,13,29,h,17,18,i,1,6,48,k,0,19,45,h,0,24,36,j,0,20,52,h,0,21,37,l,0,24,44,e,1,14,8,d,1,26,2,d,1,27,18,d,1,10,6,e,0,24,0,a,1
9480,348,1925,12,14,1,5,28,35,21,29,15,i,27,25,h,16,0,i,1,7,41,k,0,20,26,h,0,24,49,j,0,20,58,h,0,21,37,l,0,24,43,e,1,14,7,d,1,25,56,d,1,27,15,d,1,10,13,e,0,23,59,a,1
9481,349,1925,12,15,2,5,32,31,22,30,19,i,11,43,i,14,47,i,1,8,33,k,0,21,7,h,0,25,2,j,0,21,5,h,0,21,38,l,0,24,42,e,1,14,6,d,1,25,51,d,1,27,12,d,1,10,20,e,0,23,58,a,1
9482,350,1925,12,16,3,5,36,28,23,31,24,i,26,20,i,13,43,i,1,9,24,k,0,21,47,h,0,25,15,j,0,21,11,h,0,21,39,l,0,24,42,e,1,14,5,d,1,25,47,d,1,27,9,d,1,10,26,e,0,23,57,a,1
9483,351,1925,12,17,4,5,40,25,24,32,30,i,11,6,j,12,48,i,1,10,15,k,0,22,28,h,0,25,28,j,0,21,18,h,0,21,40,l,0,24,41,e,1,14,3,d,1,25,45,d,1,27,6,d,1,10,33,e,0,23,56,a,1
9484,352,1925,12,18,5,5,44,21,25,33,36,i,25,56,j,12,4,i,1,11,5,k,0,23,9,h,0,25,41,j,0,21,24,h,0,21,40,l,0,24,41,e,1,14,2,d,1,25,44,d,0,27,3,d,1,10,40,e,0,23,55,a,1
9485,353,1925,12,19,6,5,48,18,26,34,43,i,10,42,k,11,31,i,1,11,53,k,0,23,50,h,0,25,55,j,0,21,30,h,0,21,41,l,0,24,40,e,1,14,1,d,1,25,45,d,0,26,59,d,1,10,46,e,0,23,54,a,1
9486,354,1925,12,20,7,5,52,14,27,35,50,i,25,17,k,11,8,i,1,12,42,k,0,24,31,h,0,26,8,j,0,21,37,h,0,21,42,l,0,24,39,e,1,14,0,d,1,25,46,d,0,26,56,d,1,10,53,e,0,23,53,a,1
9487,355,1925,12,21,1,5,56,11,28,36,57,i,9,37,l,10,57,i,1,13,29,k,0,25,12,h,0,26,21,j,0,21,43,h,0,21,43,l,0,24,38,e,1,13,59,d,1,25,47,d,0,26,53,d,1,11,0,e,0,23,52,a,1
9488,356,1925,12,22,2,6,0,7,29,38,4,i,23,41,l,10,55,i,0,14,15,k,0,25,53,h,0,26,34,j,0,21,49,h,0,21,44,l,0,24,38,e,1,13,57,d,1,25,48,d,1,26,50,d,1,11,6,e,0,23,51,a,1
9489,357,1925,12,23,3,6,4,4,0,39,12,j,7,27,a,11,3,i,0,15,0,k,0,26,34,h,0,26,48,j,0,21,55,h,0,21,45,l,0,24,37,e,1,13,56,d,1,25,48,d,1,26,47,d,1,11,13,e,0,23,50,a,1
9490,358,1925,12,24,4,6,8,0,1,40,19,j,20,56,a,11,20,i,0,15,44,k,0,27,15,h,0,27,1,j,0,22,1,h,0,21,46,l,0,24,36,e,1,13,55,d,1,25,47,d,1,26,44,d,1,11,20,e,0,23,50,a,1
9491,359,1925,12,25,5,6,11,57,2,41,27,j,4,9,b,11,44,i,0,16,28,k,0,27,56,h,0,27,15,j,0,22,7,h,0,21,48,l,0,24,35,e,1,13,54,d,1,25,45,d,1,26,40,d,1,11,26,e,0,23,49,a,1
9492,360,1925,12,26,6,6,15,54,3,42,35,j,17,6,b,12,16,i,0,17,10,k,0,28,37,h,0,27,28,j,0,22,13,h,0,21,49,l,0,24,34,e,1,13,52,d,1,25,42,d,1,26,37,d,1,11,33,e,0,23,49,a,1
9493,361,1925,12,27,7,6,19,50,4,43,43,j,29,50,b,12,54,i,0,17,51,k,0,29,18,h,0,27,42,j,0,22,19,h,0,21,50,l,0,24,33,e,1,13,51,d,1,25,38,d,1,26,34,d,1,11,39,e,0,23,48,a,1
9494,362,1925,12,28,1,6,23,47,5,44,51,j,12,22,c,13,38,i,0,18,30,k,0,29,59,h,0,27,55,j,0,22,25,h,0,21,51,l,0,24,32,e,1,13,50,d,1,25,35,d,1,26,31,d,1,11,46,e,0,23,48,a,1
9495,363,1925,12,29,2,6,27,43,6,45,59,j,24,41,c,14,27,i,0,19,9,k,0,0,40,i,0,28,9,j,0,22,31,h,0,21,53,l,0,24,31,e,1,13,49,d,1,25,32,d,1,26,28,d,1,11,53,e,0,23,47,a,1
9496,364,1925,12,30,3,6,31,40,7,47,7,j,6,51,d,15,20,i,0,19,46,k,0,1,21,i,0,28,23,j,0,22,37,h,0,21,54,l,0,24,30,e,1,13,48,d,1,25,30,d,1,26,24,d,1,11,59,e,0,23,47,a,1
9497,365,1925,12,31,4,6,35,36,8,48,15,j,18,52,d,16,17,i,0,20,21,k,0,2,2,i,0,28,36,j,0,22,43,h,0,21,56,l,0,24,29,e,1,13,46,d,1,25,29,d,1,26,21,d,1,12,6,e,0,23,47,a,1
9498,1,1926,1,1,5,6,39,33,9,49,24,j,0,46,e,17,18,i,0,20,56,k,0,2,44,i,0,28,50,j,0,22,48,h,0,21,57,l,0,24,28,e,1,13,45,d,1,25,29,d,0,26,18,d,1,12,13,e,0,23,46,a,1
9499,2,1926,1,2,6,6,43,29,10,50,33,j,12,36,e,18,22,i,0,21,29,k,0,3,25,i,0,29,4,j,0,22,54,h,0,21,59,l,0,24,27,e,1,13,44,d,1,25,30,d,0,26,15,d,1,12,19,e,0,23,46,a,1
